{
  "type" : "FeatureCollection",
  "features" : [{"type":"Feature","id":1,"geometry":{"type":"Polygon","coordinates":[[[48.487700000000075,28.41620000100005],[48.488100000000031,28.41620000100005],[48.489600000000053,28.416300001000025],[48.489800000000059,28.416300001000025],[48.491200000000049,28.416400000000067],[48.491400000000056,28.416400000000067],[48.492900000000077,28.416500000000042],[48.493300000000033,28.416500000000042],[48.495600000000081,28.416600000000074],[48.495700000000056,28.416700000000048],[48.495600000000081,28.417700000000025],[48.495600000000081,28.418099999000049],[48.49550000000005,28.41900000000004],[48.49550000000005,28.419199999000057],[48.495400000000075,28.420900000000074],[48.495300000000043,28.421000000000049],[48.49490000000003,28.420900000000074],[48.494500000000073,28.420900000000074],[48.492900000000077,28.420800000000042],[48.49270000000007,28.420800000000042],[48.489600000000053,28.420600001000025],[48.489300000000071,28.420600001000025],[48.486900000000048,28.420499999000072],[48.486900000000048,28.42039999900004],[48.486900000000048,28.420000000000073],[48.486900000000048,28.419700000000034],[48.487100000000055,28.417400001000033],[48.487100000000055,28.417300001000058],[48.48720000000003,28.41620000100005],[48.487300000000062,28.41620000100005],[48.487700000000075,28.41620000100005]]]},"properties":{"OBJECTID":1,"OBJECTID_1":1,"PKDISTRICTID":"","DATASOURCE":"","CREATIONUSER":"","DATECREATED":"","DATEMODIFIED":"","LASTUSER":"","ArabicName":"اللؤلؤة","EnglishName":" LOA'LOA' ","FKREGIONID":"","FKGOVERNORATEID":"","FKAMANAID":"","DISTRICTNO":"","FKDISTRICTID":"","MunicipalityName":"al khafji","Shape_Length":0.025645879653567086,"Shape_Area":3.6829998250045081e-05}},{"type":"Feature","id":2,"geometry":{"type":"Polygon","coordinates":[[[48.471300000000042,28.414500000000032],[48.472800000000063,28.415899999000032],[48.473100000000045,28.416099999000039],[48.474200000000053,28.417099999000072],[48.47440000000006,28.417300001000058],[48.474500000000035,28.417300001000058],[48.474600000000066,28.417400001000033],[48.474700000000041,28.417500000000075],[48.474700000000041,28.41760000000005],[48.474800000000073,28.417700000000025],[48.474800000000073,28.417800000000057],[48.474900000000048,28.417800000000057],[48.474900000000048,28.417900000000031],[48.474900000000048,28.418000000000063],[48.474900000000048,28.418099999000049],[48.474900000000048,28.418199999000024],[48.474900000000048,28.418299999000055],[48.474900000000048,28.418400001000066],[48.474900000000048,28.418500001000041],[48.474900000000048,28.418600000000026],[48.474900000000048,28.418700000000058],[48.474800000000073,28.418800000000033],[48.474800000000073,28.418900000000065],[48.474700000000041,28.41900000000004],[48.474700000000041,28.419100000000071],[48.474600000000066,28.419199999000057],[48.474500000000035,28.419299999000032],[48.474100000000078,28.419600001000049],[48.473900000000071,28.419800000000066],[48.471700000000055,28.421800001000065],[48.467700000000036,28.425500000000056],[48.46730000000008,28.425799999000049],[48.467200000000048,28.425899999000023],[48.460100000000068,28.419800000000066],[48.460100000000068,28.419700000000034],[48.460600000000056,28.419299999000032],[48.462600000000066,28.417500000000075],[48.464500000000044,28.415700000000072],[48.468100000000049,28.412400000000048],[48.468400000000031,28.412100000000066],[48.468500000000063,28.412100000000066],[48.471300000000042,28.414500000000032]]]},"properties":{"OBJECTID":2,"OBJECTID_1":2,"PKDISTRICTID":"","DATASOURCE":"","CREATIONUSER":"","DATECREATED":"","DATEMODIFIED":"","LASTUSER":"","ArabicName":"الخالدية","EnglishName":"KHALIDIA","FKREGIONID":"","FKGOVERNORATEID":"","FKAMANAID":"","DISTRICTNO":"","FKDISTRICTID":"","MunicipalityName":"al khafji","Shape_Length":0.041022683346338296,"Shape_Area":0.0001059200023499447}},{"type":"Feature","id":3,"geometry":{"type":"Polygon","coordinates":[[[48.490900000000067,28.434300000000064],[48.491400000000056,28.433800001000066],[48.491400000000056,28.433800001000066],[48.492500000000064,28.432800001000032],[48.492600000000039,28.432800001000032],[48.492600000000039,28.432900000000075],[48.494300000000067,28.435500000000047],[48.494300000000067,28.435500000000047],[48.494400000000041,28.435799999000039],[48.494400000000041,28.436699999000041],[48.494400000000041,28.437500000000057],[48.494000000000028,28.439099999000064],[48.493800000000078,28.439900000000023],[48.49350000000004,28.441000000000031],[48.493200000000058,28.442100000000039],[48.492800000000045,28.44360000100005],[48.492800000000045,28.443700001000025],[48.49270000000007,28.443900000000042],[48.49270000000007,28.444000000000074],[48.492600000000039,28.444200000000023],[48.492600000000039,28.444300000000055],[48.492500000000064,28.444399999000041],[48.492500000000064,28.444399999000041],[48.491700000000037,28.445900001000041],[48.491600000000062,28.445900001000041],[48.491300000000081,28.445800001000066],[48.491000000000042,28.445699999000055],[48.490300000000047,28.445300000000032],[48.490000000000066,28.445200000000057],[48.489800000000059,28.445100000000025],[48.489700000000028,28.445100000000025],[48.489500000000078,28.44500000000005],[48.489400000000046,28.444900000000075],[48.489200000000039,28.444800001000033],[48.489100000000064,28.444700001000058],[48.489000000000033,28.444599999000047],[48.488800000000026,28.444499999000072],[48.488700000000051,28.444399999000041],[48.488600000000076,28.444300000000055],[48.488600000000076,28.444200000000023],[48.48720000000003,28.44300000000004],[48.486900000000048,28.442800000000034],[48.486900000000048,28.442800000000034],[48.486900000000048,28.442800000000034],[48.486100000000079,28.442100000000039],[48.485900000000072,28.441900000000032],[48.484200000000044,28.440500000000043],[48.484200000000044,28.440400001000057],[48.484900000000039,28.439800000000048],[48.485200000000077,28.439500000000066],[48.48700000000008,28.437899999000024],[48.487100000000055,28.437799999000049],[48.487400000000036,28.437500000000057],[48.487700000000075,28.43730000000005],[48.487700000000075,28.43730000000005],[48.487700000000075,28.437200001000065],[48.48780000000005,28.437100001000033],[48.48780000000005,28.437100001000033],[48.488800000000026,28.436300000000074],[48.489000000000033,28.436100001000057],[48.489200000000039,28.435799999000039],[48.489400000000046,28.435600000000079],[48.490300000000047,28.434900001000074],[48.490300000000047,28.434800001000042],[48.490600000000029,28.434599999000056],[48.490900000000067,28.434300000000064]]]},"properties":{"OBJECTID":3,"OBJECTID_1":3,"PKDISTRICTID":"","DATASOURCE":"","CREATIONUSER":"","DATECREATED":"","DATEMODIFIED":"","LASTUSER":"","ArabicName":"الريان","EnglishName":"RAYAN ","FKREGIONID":"","FKGOVERNORATEID":"","FKAMANAID":"","DISTRICTNO":"","FKDISTRICTID":"","MunicipalityName":"al khafji","Shape_Length":0.035074747395785644,"Shape_Area":7.1834998299773742e-05}},{"type":"Feature","id":4,"geometry":{"type":"Polygon","coordinates":[[[48.503600000000063,28.460999999000023],[48.503600000000063,28.461200001000066],[48.503700000000038,28.461300001000041],[48.503700000000038,28.461500000000058],[48.503700000000038,28.461700000000064],[48.503700000000038,28.461800000000039],[48.503700000000038,28.461999999000057],[48.503700000000038,28.462099999000031],[48.503700000000038,28.462300001000074],[48.503700000000038,28.462400001000049],[48.503600000000063,28.462600000000066],[48.50040000000007,28.462900000000047],[48.500200000000063,28.462900000000047],[48.498200000000054,28.463099999000065],[48.496600000000058,28.449300000000051],[48.496600000000058,28.448999999000023],[48.496200000000044,28.445499999000049],[48.496200000000044,28.445400000000063],[48.498400000000061,28.445200000000057],[48.498900000000049,28.451500000000067],[48.500100000000032,28.460899999000048],[48.503500000000031,28.460600000000056],[48.503500000000031,28.460700000000031],[48.503600000000063,28.460899999000048],[48.503600000000063,28.460999999000023]]]},"properties":{"OBJECTID":4,"OBJECTID_1":4,"PKDISTRICTID":"","DATASOURCE":"","CREATIONUSER":"","DATECREATED":"","DATEMODIFIED":"","LASTUSER":"","ArabicName":"الدوائر الحكومية","EnglishName":"govermment building ","FKREGIONID":"","FKGOVERNORATEID":"","FKAMANAID":"","DISTRICTNO":"","FKDISTRICTID":"","MunicipalityName":"al khafji","Shape_Length":0.046746244983366443,"Shape_Area":4.4420000099847314e-05}},{"type":"Feature","id":5,"geometry":{"type":"Polygon","coordinates":[[[48.482700000000079,28.415899999000032],[48.483000000000061,28.415999999000064],[48.483200000000068,28.415999999000064],[48.483500000000049,28.415999999000064],[48.483900000000062,28.415999999000064],[48.484300000000076,28.415999999000064],[48.486300000000028,28.416099999000039],[48.486500000000035,28.416099999000039],[48.486600000000067,28.416099999000039],[48.486600000000067,28.41620000100005],[48.486600000000067,28.417099999000072],[48.486600000000067,28.417300001000058],[48.486500000000035,28.418199999000024],[48.486500000000035,28.418500001000041],[48.48640000000006,28.419399999000063],[48.48640000000006,28.419700000000034],[48.48640000000006,28.42039999900004],[48.486300000000028,28.420499999000072],[48.486200000000053,28.420499999000072],[48.486000000000047,28.42039999900004],[48.485500000000059,28.42039999900004],[48.485300000000052,28.42039999900004],[48.484000000000037,28.420299999000065],[48.483600000000081,28.420299999000065],[48.481900000000053,28.420200000000079],[48.481700000000046,28.420200000000079],[48.480500000000063,28.420200000000079],[48.480200000000082,28.420100000000048],[48.479800000000068,28.420100000000048],[48.479600000000062,28.420100000000048],[48.478300000000047,28.420000000000073],[48.478200000000072,28.420000000000073],[48.478000000000065,28.419900000000041],[48.476700000000051,28.418700000000058],[48.476700000000051,28.418700000000058],[48.475900000000081,28.418000000000063],[48.475900000000081,28.418000000000063],[48.475800000000049,28.417900000000031],[48.475800000000049,28.417900000000031],[48.475800000000049,28.417800000000057],[48.475800000000049,28.417800000000057],[48.475800000000049,28.417700000000025],[48.475800000000049,28.417700000000025],[48.475800000000049,28.41760000000005],[48.475800000000049,28.41760000000005],[48.475800000000049,28.417500000000075],[48.475900000000081,28.417500000000075],[48.475900000000081,28.417500000000075],[48.475900000000081,28.417400001000033],[48.476000000000056,28.417400001000033],[48.476000000000056,28.417400001000033],[48.478300000000047,28.416600000000074],[48.478600000000029,28.416500000000042],[48.478900000000067,28.416400000000067],[48.479100000000074,28.416300001000025],[48.479400000000055,28.416300001000025],[48.479800000000068,28.41620000100005],[48.48010000000005,28.416099999000039],[48.480400000000031,28.416099999000039],[48.48070000000007,28.415999999000064],[48.481000000000051,28.415999999000064],[48.481300000000033,28.415999999000064],[48.48150000000004,28.415999999000064],[48.481800000000078,28.415899999000032],[48.482100000000059,28.415899999000032],[48.482400000000041,28.415899999000032],[48.482700000000079,28.415899999000032]]]},"properties":{"OBJECTID":5,"OBJECTID_1":5,"PKDISTRICTID":"","DATASOURCE":"","CREATIONUSER":"","DATECREATED":"","DATEMODIFIED":"","LASTUSER":"","ArabicName":"الحمراء","EnglishName":" HAMR'A ","FKREGIONID":"","FKGOVERNORATEID":"","FKAMANAID":"","DISTRICTNO":"","FKDISTRICTID":"","MunicipalityName":"al khafji","Shape_Length":0.0273711168907038,"Shape_Area":3.9090000800094264e-05}},{"type":"Feature","id":6,"geometry":{"type":"Polygon","coordinates":[[[48.496500000000026,28.433300000000031],[48.497300000000052,28.433400000000063],[48.497400000000027,28.433400000000063],[48.498700000000042,28.433499999000048],[48.498800000000074,28.433499999000048],[48.498800000000074,28.433599999000023],[48.498900000000049,28.433599999000023],[48.498900000000049,28.433599999000023],[48.49900000000008,28.433599999000023],[48.49900000000008,28.433700001000034],[48.49900000000008,28.433700001000034],[48.49900000000008,28.433800001000066],[48.49900000000008,28.433800001000066],[48.49900000000008,28.43390000100004],[48.49900000000008,28.43390000100004],[48.49900000000008,28.434000000000026],[48.49900000000008,28.434000000000026],[48.498200000000054,28.435600000000079],[48.498100000000079,28.43590000100005],[48.498000000000047,28.436200000000042],[48.497900000000072,28.436400000000049],[48.497800000000041,28.436600000000055],[48.497700000000066,28.436799999000073],[48.497700000000066,28.437000001000058],[48.497600000000034,28.437200001000065],[48.497300000000052,28.438300001000073],[48.497300000000052,28.438600000000065],[48.497300000000052,28.438600000000065],[48.497000000000071,28.439500000000066],[48.497000000000071,28.439500000000066],[48.496000000000038,28.439300001000049],[48.495700000000056,28.439300001000049],[48.494400000000041,28.438999999000032],[48.494400000000041,28.438899999000057],[48.494600000000048,28.438200001000041],[48.49470000000008,28.437899999000024],[48.49470000000008,28.437700000000063],[48.49470000000008,28.437500000000057],[48.494800000000055,28.437200001000065],[48.494800000000055,28.437000001000058],[48.494800000000055,28.436899999000048],[48.494800000000055,28.436699999000041],[48.494800000000055,28.436500000000024],[48.494800000000055,28.436300000000074],[48.494800000000055,28.436100001000057],[48.494800000000055,28.436000001000025],[48.49470000000008,28.435799999000039],[48.49470000000008,28.435600000000079],[48.494600000000048,28.435400000000072],[48.494600000000048,28.435200000000066],[48.494400000000041,28.434800001000042],[48.494300000000067,28.434400000000039],[48.494200000000035,28.434100000000058],[48.494200000000035,28.434100000000058],[48.494200000000035,28.434000000000026],[48.494200000000035,28.434000000000026],[48.494200000000035,28.43390000100004],[48.494200000000035,28.43390000100004],[48.494300000000067,28.433800001000066],[48.494300000000067,28.433800001000066],[48.494300000000067,28.433700001000034],[48.494500000000073,28.433599999000023],[48.49490000000003,28.433499999000048],[48.495100000000036,28.433400000000063],[48.495300000000043,28.433400000000063],[48.495400000000075,28.433300000000031],[48.495600000000081,28.433300000000031],[48.495800000000031,28.433300000000031],[48.496000000000038,28.433300000000031],[48.496200000000044,28.433300000000031],[48.496400000000051,28.433300000000031],[48.496500000000026,28.433300000000031]]]},"properties":{"OBJECTID":6,"OBJECTID_1":6,"PKDISTRICTID":"","DATASOURCE":"","CREATIONUSER":"","DATECREATED":"","DATEMODIFIED":"","LASTUSER":"","ArabicName":"الدرة","EnglishName":" DORA ","FKREGIONID":"","FKGOVERNORATEID":"","FKAMANAID":"","DISTRICTNO":"","FKDISTRICTID":"","MunicipalityName":"al khafji","Shape_Length":0.019394430924290704,"Shape_Area":2.0135002700063402e-05}},{"type":"Feature","id":7,"geometry":{"type":"Polygon","coordinates":[[[48.496300000000076,28.448899999000048],[48.496800000000064,28.453600001000041],[48.496800000000064,28.453900000000033],[48.497000000000071,28.455700001000025],[48.497900000000072,28.463099999000065],[48.495200000000068,28.46330000100005],[48.495100000000036,28.46330000100005],[48.493100000000027,28.463500001000057],[48.49270000000007,28.463500001000057],[48.492800000000045,28.464600001000065],[48.492800000000045,28.46470000000005],[48.492400000000032,28.464800000000025],[48.492200000000025,28.464800000000025],[48.489200000000039,28.465000000000032],[48.489000000000033,28.465100000000064],[48.486700000000042,28.465299999000024],[48.486500000000035,28.465399999000056],[48.486000000000047,28.465399999000056],[48.486000000000047,28.465200000000038],[48.485900000000072,28.464800000000025],[48.485900000000072,28.46470000000005],[48.485900000000072,28.464500001000033],[48.485900000000072,28.464400001000058],[48.485900000000072,28.464199999000073],[48.485900000000072,28.46410000000003],[48.485900000000072,28.463900000000024],[48.486000000000047,28.463800000000049],[48.486000000000047,28.463600000000042],[48.486000000000047,28.463500001000057],[48.486100000000079,28.46330000100005],[48.487700000000075,28.459200000000067],[48.489300000000071,28.455100000000073],[48.489300000000071,28.454900000000066],[48.489400000000046,28.454700001000049],[48.489400000000046,28.454600001000074],[48.489500000000078,28.454399999000032],[48.489500000000078,28.454200000000071],[48.489500000000078,28.454000000000065],[48.489600000000053,28.453900000000033],[48.489600000000053,28.453900000000033],[48.489700000000028,28.45209999900004],[48.489900000000034,28.450400000000059],[48.490000000000066,28.450300001000073],[48.490000000000066,28.450099999000031],[48.490000000000066,28.449999999000056],[48.490100000000041,28.449800000000039],[48.490100000000041,28.449700000000064],[48.490200000000073,28.449500000000057],[48.490200000000073,28.449400000000026],[48.490300000000047,28.449200001000065],[48.491600000000062,28.446900001000074],[48.492900000000077,28.444599999000047],[48.492900000000077,28.444499999000072],[48.493000000000052,28.444399999000041],[48.493000000000052,28.444200000000023],[48.493100000000027,28.444100000000049],[48.493100000000027,28.443900000000042],[48.493700000000047,28.441700000000026],[48.494300000000067,28.439400000000035],[48.494400000000041,28.439400000000035],[48.494800000000055,28.439500000000066],[48.495000000000061,28.439500000000066],[48.496300000000076,28.439800000000048],[48.496400000000051,28.439800000000048],[48.496800000000064,28.439900000000023],[48.496900000000039,28.439900000000023],[48.496400000000051,28.442000000000064],[48.496300000000076,28.442199999000024],[48.496300000000076,28.442800000000034],[48.496100000000069,28.44360000100005],[48.496000000000038,28.444100000000049],[48.496000000000038,28.444399999000041],[48.496000000000038,28.444599999000047],[48.496000000000038,28.444800001000033],[48.495900000000063,28.44500000000005],[48.495900000000063,28.445300000000032],[48.495900000000063,28.445699999000055],[48.495900000000063,28.446000000000026],[48.496000000000038,28.446300000000065],[48.496000000000038,28.446599999000057],[48.496000000000038,28.446699999000032],[48.496300000000076,28.448899999000048]]]},"properties":{"OBJECTID":7,"OBJECTID_1":7,"PKDISTRICTID":"","DATASOURCE":"","CREATIONUSER":"","DATECREATED":"","DATEMODIFIED":"","LASTUSER":"","ArabicName":"العزيزية","EnglishName":"AZIZIYAH ","FKREGIONID":"","FKGOVERNORATEID":"","FKAMANAID":"","DISTRICTNO":"","FKDISTRICTID":"","MunicipalityName":"al khafji","Shape_Length":0.06724380305150883,"Shape_Area":0.00016692499884997058}},{"type":"Feature","id":8,"geometry":{"type":"Polygon","coordinates":[[[48.397600000000068,28.374600001000033],[48.391800000000046,28.36219999900004],[48.412900000000036,28.354599999000072],[48.418700000000058,28.366900001000033],[48.397600000000068,28.374600001000033]]]},"properties":{"OBJECTID":8,"OBJECTID_1":8,"PKDISTRICTID":"","DATASOURCE":"","CREATIONUSER":"","DATECREATED":"","DATEMODIFIED":"","LASTUSER":"","ArabicName":"أحواش الأبل والأغنام","EnglishName":"cages of camels and sheep","FKREGIONID":"","FKGOVERNORATEID":"","FKAMANAID":"","DISTRICTNO":"","FKDISTRICTID":"","MunicipalityName":"al khafji","Shape_Length":0.072176382711856765,"Shape_Area":0.00030495504219945919}},{"type":"Feature","id":9,"geometry":{"type":"Polygon","coordinates":[[[48.453800000000058,28.379799999000056],[48.459200000000067,28.388300000000072],[48.463400000000036,28.391799999000057],[48.463300000000061,28.391799999000057],[48.463200000000029,28.391899999000032],[48.463200000000029,28.391899999000032],[48.460700000000031,28.394200001000058],[48.457500000000039,28.397100000000023],[48.454700000000059,28.399700001000042],[48.454600000000028,28.399700001000042],[48.452000000000055,28.397399999000072],[48.451000000000079,28.396500001000049],[48.450500000000034,28.396100000000047],[48.450200000000052,28.39590000000004],[48.449900000000071,28.395600000000059],[48.449700000000064,28.395400001000041],[48.449400000000026,28.395099999000024],[48.449200000000076,28.394900000000064],[48.448900000000037,28.394600000000025],[48.448300000000074,28.393900000000031],[48.448200000000043,28.393800000000056],[48.448100000000068,28.393700000000024],[48.447900000000061,28.393400000000042],[48.447700000000054,28.39310000100005],[48.447500000000048,28.392800000000079],[48.447300000000041,28.392500000000041],[48.447100000000034,28.392300000000034],[48.446900000000028,28.392000001000042],[48.446800000000053,28.391700000000071],[48.446600000000046,28.391400000000033],[48.446500000000071,28.391100001000041],[48.446300000000065,28.390799999000023],[48.446300000000065,28.390699999000049],[48.446200000000033,28.390500000000031],[48.446000000000026,28.39020000000005],[48.445900000000051,28.389900001000058],[48.445800000000077,28.38959999900004],[48.44560000000007,28.389300000000048],[48.445500000000038,28.388900001000025],[48.445400000000063,28.388599999000064],[48.445400000000063,28.388499999000032],[48.445400000000063,28.388400000000047],[48.445300000000032,28.388300000000072],[48.445300000000032,28.38820000000004],[48.445300000000032,28.388100000000065],[48.445300000000032,28.388000000000034],[48.445400000000063,28.387900000000059],[48.445400000000063,28.387800001000073],[48.445400000000063,28.387700001000042],[48.445500000000038,28.387599999000031],[48.445500000000038,28.387499999000056],[48.44560000000007,28.387399999000024],[48.44560000000007,28.387399999000024],[48.445700000000045,28.387300000000039],[48.445800000000077,28.387200000000064],[48.447500000000048,28.385600001000057],[48.453600000000051,28.380000001000042],[48.453600000000051,28.380000001000042],[48.453800000000058,28.379799999000056]]]},"properties":{"OBJECTID":9,"OBJECTID_1":9,"PKDISTRICTID":"","DATASOURCE":"","CREATIONUSER":"","DATECREATED":"","DATEMODIFIED":"","LASTUSER":"","ArabicName":"السلام","EnglishName":"Salam ","FKREGIONID":"","FKGOVERNORATEID":"","FKAMANAID":"","DISTRICTNO":"","FKDISTRICTID":"","MunicipalityName":"al khafji","Shape_Length":0.054667774308406435,"Shape_Area":0.00018386000149973392}},{"type":"Feature","id":10,"geometry":{"type":"Polygon","coordinates":[[[48.463800000000049,28.392300000000034],[48.464000000000055,28.392500000000041],[48.465200000000038,28.393400000000042],[48.465200000000038,28.393500000000074],[48.466400000000078,28.39450000000005],[48.466600000000028,28.394600000000025],[48.466900000000066,28.394900000000064],[48.467100000000073,28.395099999000024],[48.468700000000069,28.396500001000049],[48.468900000000076,28.396600001000024],[48.469200000000058,28.396900000000073],[48.469200000000058,28.397000000000048],[48.468000000000075,28.398100000000056],[48.467800000000068,28.398300000000063],[48.46750000000003,28.398499999000023],[48.46730000000008,28.398700001000066],[48.466500000000053,28.399400000000071],[48.466400000000078,28.399499999000057],[48.466300000000047,28.399599999000031],[48.465800000000058,28.400000000000034],[48.465800000000058,28.400100000000066],[48.465000000000032,28.40080000100005],[48.464900000000057,28.400900001000025],[48.464200000000062,28.401500000000055],[48.46410000000003,28.40160000000003],[48.463500000000067,28.40220000000005],[48.463400000000036,28.402300000000025],[48.463200000000029,28.402400000000057],[48.462500000000034,28.403100001000041],[48.462300000000027,28.403300000000058],[48.462000000000046,28.403500000000065],[48.461800000000039,28.403700000000072],[48.460700000000031,28.404800000000023],[48.460600000000056,28.404800000000023],[48.460300000000075,28.404500000000041],[48.460100000000068,28.404300001000024],[48.45840000000004,28.402899999000056],[48.458200000000033,28.402700000000038],[48.457900000000052,28.402400000000057],[48.457800000000077,28.402400000000057],[48.456400000000031,28.401200000000074],[48.456400000000031,28.401200000000074],[48.455300000000079,28.400200000000041],[48.455200000000048,28.400200000000041],[48.454900000000066,28.399900001000049],[48.454900000000066,28.399800001000074],[48.455700000000036,28.399100000000033],[48.455900000000042,28.398900000000026],[48.456200000000081,28.398700001000066],[48.456400000000031,28.398499999000023],[48.457500000000039,28.397500001000026],[48.457700000000045,28.39729999900004],[48.457800000000077,28.39729999900004],[48.458000000000027,28.397000000000048],[48.458200000000033,28.396800000000042],[48.45960000000008,28.395600000000059],[48.45980000000003,28.395400001000041],[48.460600000000056,28.394700000000057],[48.460700000000031,28.394600000000025],[48.460800000000063,28.39450000000005],[48.461100000000044,28.394200001000058],[48.461300000000051,28.394099999000048],[48.462400000000059,28.39299999900004],[48.462600000000066,28.392800000000079],[48.463500000000067,28.392000001000042],[48.463600000000042,28.392000001000042],[48.463800000000049,28.392300000000034]]]},"properties":{"OBJECTID":10,"OBJECTID_1":10,"PKDISTRICTID":"","DATASOURCE":"","CREATIONUSER":"","DATECREATED":"","DATEMODIFIED":"","LASTUSER":"","ArabicName":"الروضة","EnglishName":"ROWDAH ","FKREGIONID":"","FKGOVERNORATEID":"","FKAMANAID":"","DISTRICTNO":"","FKDISTRICTID":"","MunicipalityName":"al khafji","Shape_Length":0.038740028943587093,"Shape_Area":8.7540000600078735e-05}},{"type":"Feature","id":11,"geometry":{"type":"Polygon","coordinates":[[[48.466200000000072,28.405800000000056],[48.463000000000079,28.403000001000066],[48.468700000000069,28.397800000000075],[48.469500000000039,28.397100000000023],[48.477000000000032,28.403000001000066],[48.474900000000048,28.403200001000073],[48.472200000000043,28.403400000000033],[48.472200000000043,28.403500000000065],[48.470300000000066,28.40360000000004],[48.470100000000059,28.403700000000072],[48.469900000000052,28.403700000000072],[48.469700000000046,28.403700000000072],[48.469600000000071,28.403700000000072],[48.469400000000064,28.403800000000047],[48.469200000000058,28.403800000000047],[48.469000000000051,28.403899999000032],[48.468800000000044,28.403899999000032],[48.468600000000038,28.403999999000064],[48.468500000000063,28.404100001000074],[48.468300000000056,28.404200001000049],[48.468100000000049,28.404300001000024],[48.467900000000043,28.404300001000024],[48.467800000000068,28.404400000000066],[48.467600000000061,28.404500000000041],[48.46750000000003,28.404700000000048],[48.46730000000008,28.404800000000023],[48.467200000000048,28.404899999000065],[48.466200000000072,28.405800000000056]]]},"properties":{"OBJECTID":11,"OBJECTID_1":11,"PKDISTRICTID":"","DATASOURCE":"","CREATIONUSER":"","DATECREATED":"","DATEMODIFIED":"","LASTUSER":"","ArabicName":"الأمير نايف","EnglishName":"AMEER NAIEF","FKREGIONID":"","FKGOVERNORATEID":"","FKAMANAID":"","DISTRICTNO":"","FKDISTRICTID":"","MunicipalityName":"al khafji","Shape_Length":0.03427479571219897,"Shape_Area":5.3574998049752068e-05}},{"type":"Feature","id":12,"geometry":{"type":"Polygon","coordinates":[[[48.46410000000003,28.407600001000048],[48.464000000000055,28.407600001000048],[48.464000000000055,28.407600001000048],[48.463900000000081,28.407600001000048],[48.463800000000049,28.407600001000048],[48.463800000000049,28.407600001000048],[48.463700000000074,28.407600001000048],[48.463400000000036,28.407299999000031],[48.463400000000036,28.407199999000056],[48.462300000000027,28.406300001000034],[48.462000000000046,28.406099999000048],[48.460800000000063,28.405099999000072],[48.460800000000063,28.40499999900004],[48.462500000000034,28.403400000000033],[48.462600000000066,28.403400000000033],[48.463800000000049,28.404400000000066],[48.46410000000003,28.404700000000048],[48.464900000000057,28.405400001000032],[48.464900000000057,28.405400001000032],[48.465700000000027,28.406099999000048],[48.465700000000027,28.406099999000048],[48.465400000000045,28.406400001000065],[48.46530000000007,28.406400001000065],[48.464200000000062,28.407400001000042],[48.46410000000003,28.407600001000048]]]},"properties":{"OBJECTID":12,"OBJECTID_1":12,"PKDISTRICTID":"","DATASOURCE":"","CREATIONUSER":"","DATECREATED":"","DATEMODIFIED":"","LASTUSER":"","ArabicName":"الأمل","EnglishName":"ALAMAL","FKREGIONID":"","FKGOVERNORATEID":"","FKAMANAID":"","DISTRICTNO":"","FKDISTRICTID":"","MunicipalityName":"al khafji","Shape_Length":0.013149481912858465,"Shape_Area":9.9700009500664054e-06}},{"type":"Feature","id":13,"geometry":{"type":"Polygon","coordinates":[[[48.496000000000038,28.412599999000065],[48.496000000000038,28.412900001000025],[48.496000000000038,28.413000001000057],[48.495800000000031,28.415200001000073],[48.495800000000031,28.41560000000004],[48.495800000000031,28.415700000000072],[48.495700000000056,28.41620000100005],[48.495700000000056,28.416300001000025],[48.492900000000077,28.416099999000039],[48.492800000000045,28.416099999000039],[48.491300000000081,28.415999999000064],[48.490900000000067,28.415999999000064],[48.486900000000048,28.415800000000047],[48.486500000000035,28.415800000000047],[48.484900000000039,28.415700000000072],[48.484500000000025,28.415700000000072],[48.484200000000044,28.41560000000004],[48.484100000000069,28.41560000000004],[48.484100000000069,28.41560000000004],[48.484000000000037,28.41560000000004],[48.483900000000062,28.41560000000004],[48.483900000000062,28.415500000000065],[48.483900000000062,28.415500000000065],[48.483800000000031,28.415500000000065],[48.483800000000031,28.415400000000034],[48.483800000000031,28.415400000000034],[48.483700000000056,28.415300000000059],[48.483700000000056,28.415300000000059],[48.483700000000056,28.415200001000073],[48.483700000000056,28.415100001000042],[48.483700000000056,28.414999999000031],[48.483800000000031,28.414899999000056],[48.483800000000031,28.414799999000024],[48.483800000000031,28.414700000000039],[48.483800000000031,28.414600000000064],[48.483900000000062,28.414500000000032],[48.483900000000062,28.414400000000057],[48.484000000000037,28.414400000000057],[48.484100000000069,28.414300000000026],[48.484100000000069,28.414200000000051],[48.484200000000044,28.414100001000065],[48.484300000000076,28.414000001000034],[48.484400000000051,28.414000001000034],[48.484500000000025,28.413899999000023],[48.484900000000039,28.413600000000031],[48.48500000000007,28.413500000000056],[48.485200000000077,28.413500000000056],[48.485300000000052,28.413400000000024],[48.485400000000027,28.413400000000024],[48.485600000000034,28.413300000000049],[48.485700000000065,28.413300000000049],[48.485900000000072,28.413200000000074],[48.486000000000047,28.413200000000074],[48.486100000000079,28.413200000000074],[48.48640000000006,28.413200000000074],[48.487500000000068,28.413000001000057],[48.487900000000081,28.413000001000057],[48.490600000000029,28.412599999000065],[48.490900000000067,28.412599999000065],[48.491100000000074,28.412599999000065],[48.49150000000003,28.41269999900004],[48.49150000000003,28.412200000000041],[48.49150000000003,28.412000000000035],[48.491600000000062,28.411800001000074],[48.491600000000062,28.411499999000057],[48.491600000000062,28.41130000000004],[48.491700000000037,28.410000000000025],[48.491700000000037,28.40990000000005],[48.491800000000069,28.408600001000025],[48.491800000000069,28.408399999000039],[48.491800000000069,28.408100000000047],[48.491800000000069,28.407900000000041],[48.491900000000044,28.407700000000034],[48.491900000000044,28.407299999000031],[48.491900000000044,28.407000000000039],[48.491900000000044,28.406800000000032],[48.492000000000075,28.405500000000075],[48.492000000000075,28.405500000000075],[48.49210000000005,28.404200001000049],[48.49210000000005,28.403999999000064],[48.49210000000005,28.403700000000072],[48.492200000000025,28.40360000000004],[48.493800000000078,28.403700000000072],[48.493800000000078,28.403700000000072],[48.495200000000068,28.403800000000047],[48.495600000000081,28.403800000000047],[48.495900000000063,28.403800000000047],[48.496100000000069,28.403800000000047],[48.496500000000026,28.403899999000032],[48.496600000000058,28.403899999000032],[48.496500000000026,28.405200001000026],[48.496500000000026,28.405200001000026],[48.496400000000051,28.40650000100004],[48.496400000000051,28.406700000000058],[48.496400000000051,28.407000000000039],[48.496400000000051,28.407199999000056],[48.496300000000076,28.408299999000064],[48.496300000000076,28.408299999000064],[48.496200000000044,28.409600001000058],[48.496200000000044,28.40990000000005],[48.496200000000044,28.410200000000032],[48.496100000000069,28.410399999000049],[48.496000000000038,28.412500000000023],[48.496000000000038,28.412599999000065]]]},"properties":{"OBJECTID":13,"OBJECTID_1":13,"PKDISTRICTID":"","DATASOURCE":"","CREATIONUSER":"","DATECREATED":"","DATEMODIFIED":"","LASTUSER":"","ArabicName":"التعاون","EnglishName":" TAEAWON","FKREGIONID":"","FKGOVERNORATEID":"","FKAMANAID":"","DISTRICTNO":"","FKDISTRICTID":"","MunicipalityName":"al khafji","Shape_Length":0.047498644807169456,"Shape_Area":7.627999629986263e-05}},{"type":"Feature","id":14,"geometry":{"type":"Polygon","coordinates":[[[48.502700000000061,28.416999999000041],[48.504300000000057,28.416999999000041],[48.504500000000064,28.416999999000041],[48.504600000000039,28.417099999000072],[48.504900000000077,28.417300001000058],[48.505100000000027,28.417400001000033],[48.505300000000034,28.417500000000075],[48.507600000000082,28.420600001000025],[48.50750000000005,28.420700001000057],[48.50690000000003,28.421300000000031],[48.506800000000055,28.421399999000073],[48.504500000000064,28.42390000100005],[48.504400000000032,28.424000001000024],[48.502600000000029,28.426200001000041],[48.501300000000072,28.427999999000065],[48.501100000000065,28.42820000100005],[48.501000000000033,28.428400001000057],[48.500900000000058,28.428500000000042],[48.500600000000077,28.428900000000056],[48.500200000000063,28.429500001000065],[48.500100000000032,28.429700000000025],[48.500000000000057,28.429800000000057],[48.499900000000025,28.429900000000032],[48.499900000000025,28.430100000000039],[48.49980000000005,28.430199999000024],[48.499700000000075,28.430299999000056],[48.499700000000075,28.430500001000041],[48.499700000000075,28.430600001000073],[48.499600000000044,28.43100000000004],[48.499500000000069,28.431399999000064],[48.499400000000037,28.432200000000023],[48.499300000000062,28.432800001000032],[48.499300000000062,28.432900000000075],[48.499300000000062,28.432900000000075],[48.49920000000003,28.43300000000005],[48.49920000000003,28.43300000000005],[48.499100000000055,28.433100000000024],[48.499100000000055,28.433100000000024],[48.49900000000008,28.433200000000056],[48.49900000000008,28.433200000000056],[48.498000000000047,28.433100000000024],[48.497700000000066,28.43300000000005],[48.496900000000039,28.43300000000005],[48.496800000000064,28.432900000000075],[48.496700000000033,28.432900000000075],[48.496600000000058,28.432900000000075],[48.496500000000026,28.432800001000032],[48.496400000000051,28.432800001000032],[48.496300000000076,28.432700001000057],[48.496300000000076,28.432600001000026],[48.496200000000044,28.432600001000026],[48.496100000000069,28.432499999000072],[48.496000000000038,28.43239999900004],[48.496000000000038,28.432300000000055],[48.495900000000063,28.432300000000055],[48.495900000000063,28.432200000000023],[48.495800000000031,28.432100000000048],[48.495800000000031,28.432000000000073],[48.495800000000031,28.431900000000041],[48.495700000000056,28.430600001000073],[48.495600000000081,28.428800000000024],[48.49550000000005,28.427500000000066],[48.49550000000005,28.426999999000031],[48.49550000000005,28.426800000000071],[48.49550000000005,28.426700000000039],[48.49550000000005,28.426300000000026],[48.49550000000005,28.426100001000066],[48.49550000000005,28.425600000000031],[48.49550000000005,28.425100001000033],[48.49550000000005,28.424600000000055],[48.495600000000081,28.424300000000073],[48.495600000000081,28.424000001000024],[48.495600000000081,28.42390000100005],[48.495600000000081,28.423699999000064],[48.495800000000031,28.421300000000031],[48.495800000000031,28.421100000000024],[48.495800000000031,28.420900000000074],[48.495800000000031,28.420600001000025],[48.495800000000031,28.420299999000065],[48.495900000000063,28.420000000000073],[48.495900000000063,28.419800000000066],[48.496000000000038,28.418299999000055],[48.496000000000038,28.418199999000024],[48.496000000000038,28.417500000000075],[48.496100000000069,28.416700000000048],[48.496300000000076,28.416600000000074],[48.500600000000077,28.416900000000055],[48.502700000000061,28.416999999000041]]]},"properties":{"OBJECTID":14,"OBJECTID_1":14,"PKDISTRICTID":"","DATASOURCE":"","CREATIONUSER":"","DATECREATED":"","DATEMODIFIED":"","LASTUSER":"","ArabicName":"المحمدية","EnglishName":"MOHAMMEDIYAH","FKREGIONID":"","FKGOVERNORATEID":"","FKAMANAID":"","DISTRICTNO":"","FKDISTRICTID":"","MunicipalityName":"al khafji","Shape_Length":0.048130615957965084,"Shape_Area":0.0001233200045499057}},{"type":"Feature","id":15,"geometry":{"type":"Polygon","coordinates":[[[48.468700000000069,28.425100001000033],[48.469000000000051,28.424900001000026],[48.470000000000027,28.424000001000024],[48.470000000000027,28.42390000100005],[48.470900000000029,28.423100000000034],[48.47100000000006,28.423100000000034],[48.471900000000062,28.422200000000032],[48.472100000000069,28.422100000000057],[48.472100000000069,28.422100000000057],[48.472500000000082,28.421700001000033],[48.474000000000046,28.420299999000065],[48.474100000000078,28.420299999000065],[48.475200000000029,28.419199999000057],[48.475300000000061,28.419199999000057],[48.475300000000061,28.419100000000071],[48.475400000000036,28.419100000000071],[48.475400000000036,28.419100000000071],[48.475500000000068,28.41900000000004],[48.475600000000043,28.41900000000004],[48.475700000000074,28.41900000000004],[48.475800000000049,28.41900000000004],[48.475900000000081,28.41900000000004],[48.476000000000056,28.41900000000004],[48.476100000000031,28.41900000000004],[48.476200000000063,28.41900000000004],[48.476300000000037,28.41900000000004],[48.476400000000069,28.41900000000004],[48.476400000000069,28.419100000000071],[48.476500000000044,28.419100000000071],[48.476600000000076,28.419199999000057],[48.476600000000076,28.419199999000057],[48.477500000000077,28.419900000000041],[48.477800000000059,28.420200000000079],[48.479400000000055,28.421599999000023],[48.479400000000055,28.421599999000023],[48.481200000000058,28.423200000000065],[48.481600000000071,28.423500000000047],[48.481600000000071,28.423500000000047],[48.483200000000068,28.424799999000072],[48.484100000000069,28.425600000000031],[48.484200000000044,28.425700000000063],[48.485200000000077,28.426500000000033],[48.485200000000077,28.426600000000064],[48.48640000000006,28.427600000000041],[48.48640000000006,28.427700000000073],[48.48640000000006,28.427700000000073],[48.48640000000006,28.427800000000047],[48.484700000000032,28.429400001000033],[48.484600000000057,28.429400001000033],[48.483500000000049,28.430500001000041],[48.482900000000029,28.43100000000004],[48.481800000000078,28.432100000000048],[48.481700000000046,28.432100000000048],[48.480900000000076,28.432900000000075],[48.480800000000045,28.43300000000005],[48.479700000000037,28.434000000000026],[48.479400000000055,28.434200000000033],[48.468700000000069,28.425100001000033]]]},"properties":{"OBJECTID":15,"OBJECTID_1":15,"PKDISTRICTID":"","DATASOURCE":"","CREATIONUSER":"","DATECREATED":"","DATEMODIFIED":"","LASTUSER":"","ArabicName":"الامير فهد بن سلمان","EnglishName":"FAHAD BIN SALMAN","FKREGIONID":"","FKGOVERNORATEID":"","FKAMANAID":"","DISTRICTNO":"","FKDISTRICTID":"","MunicipalityName":"al khafji","Shape_Length":0.047304187509078777,"Shape_Area":0.00013438501049978447}},{"type":"Feature","id":16,"geometry":{"type":"Polygon","coordinates":[[[48.483100000000036,28.447600000000079],[48.483100000000036,28.447500000000048],[48.483200000000068,28.447300000000041],[48.483200000000068,28.447200000000066],[48.483300000000042,28.447000001000049],[48.483300000000042,28.447000001000049],[48.483300000000042,28.446900001000074],[48.483300000000042,28.446699999000032],[48.483400000000074,28.445699999000055],[48.483500000000049,28.445400000000063],[48.483500000000049,28.444900000000075],[48.483500000000049,28.444700001000058],[48.483600000000081,28.443900000000042],[48.483700000000056,28.443200000000047],[48.483700000000056,28.443100000000072],[48.483700000000056,28.44300000000004],[48.483800000000031,28.442900000000066],[48.483800000000031,28.442800000000034],[48.483800000000031,28.442700000000059],[48.483900000000062,28.442700000000059],[48.483900000000062,28.442600001000073],[48.484000000000037,28.442500001000042],[48.484000000000037,28.442500001000042],[48.484100000000069,28.442500001000042],[48.484100000000069,28.442399999000031],[48.484300000000076,28.442299999000056],[48.484400000000051,28.442199999000024],[48.484500000000025,28.442100000000039],[48.484600000000057,28.442100000000039],[48.484600000000057,28.442100000000039],[48.484700000000032,28.442000000000064],[48.484800000000064,28.442000000000064],[48.484900000000039,28.442000000000064],[48.48500000000007,28.442000000000064],[48.485100000000045,28.442000000000064],[48.485200000000077,28.442000000000064],[48.485300000000052,28.442000000000064],[48.485300000000052,28.442000000000064],[48.485400000000027,28.442000000000064],[48.485500000000059,28.442100000000039],[48.485600000000034,28.442100000000039],[48.485700000000065,28.442100000000039],[48.485700000000065,28.442199999000024],[48.48580000000004,28.442199999000024],[48.486900000000048,28.443200000000047],[48.487900000000081,28.444100000000049],[48.48840000000007,28.444499999000072],[48.488500000000045,28.444599999000047],[48.488600000000076,28.444700001000058],[48.488700000000051,28.444800001000033],[48.488800000000026,28.444900000000075],[48.488900000000058,28.445100000000025],[48.489000000000033,28.445200000000057],[48.489100000000064,28.445300000000032],[48.489200000000039,28.445400000000063],[48.489300000000071,28.445599999000024],[48.489300000000071,28.445699999000055],[48.489400000000046,28.445800001000066],[48.489500000000078,28.446000000000026],[48.489500000000078,28.446100000000058],[48.489600000000053,28.44640000000004],[48.489800000000059,28.446799999000064],[48.489800000000059,28.446900001000074],[48.489800000000059,28.447100000000034],[48.489900000000034,28.447200000000066],[48.489900000000034,28.447300000000041],[48.489900000000034,28.447500000000048],[48.490000000000066,28.447600000000079],[48.490000000000066,28.44779999900004],[48.490000000000066,28.447899999000072],[48.490000000000066,28.448100001000057],[48.489900000000034,28.448100001000057],[48.489300000000071,28.448100001000057],[48.489200000000039,28.448100001000057],[48.486700000000042,28.447899999000072],[48.48640000000006,28.447899999000072],[48.485700000000065,28.44779999900004],[48.485400000000027,28.44779999900004],[48.483100000000036,28.447600000000079]]]},"properties":{"OBJECTID":16,"OBJECTID_1":16,"PKDISTRICTID":"","DATASOURCE":"","CREATIONUSER":"","DATECREATED":"","DATEMODIFIED":"","LASTUSER":"","ArabicName":"الورود","EnglishName":" WOROD ","FKREGIONID":"","FKGOVERNORATEID":"","FKAMANAID":"","DISTRICTNO":"","FKDISTRICTID":"","MunicipalityName":"al khafji","Shape_Length":0.022098427734238379,"Shape_Area":2.8489999500089208e-05}},{"type":"Feature","id":17,"geometry":{"type":"Polygon","coordinates":[[[48.489000000000033,28.453100000000063],[48.489000000000033,28.453800000000058],[48.488900000000058,28.453900000000033],[48.488900000000058,28.454100000000039],[48.488900000000058,28.454299999000057],[48.488800000000026,28.454500001000042],[48.488800000000026,28.454600001000074],[48.488700000000051,28.454800000000034],[48.488700000000051,28.455000000000041],[48.488600000000076,28.455000000000041],[48.488000000000056,28.454800000000034],[48.48780000000005,28.454800000000034],[48.486000000000047,28.454200000000071],[48.485900000000072,28.454200000000071],[48.484200000000044,28.453700000000026],[48.483900000000062,28.453600001000041],[48.483500000000049,28.453500001000066],[48.483200000000068,28.453400001000034],[48.481100000000026,28.452800000000025],[48.481100000000026,28.45270000000005],[48.481200000000058,28.452400001000058],[48.481300000000033,28.45209999900004],[48.482100000000059,28.449999999000056],[48.482200000000034,28.449700000000064],[48.482300000000066,28.449400000000026],[48.482500000000073,28.449100001000033],[48.482900000000029,28.447899999000072],[48.483000000000061,28.44779999900004],[48.483700000000056,28.447899999000072],[48.48640000000006,28.448100001000057],[48.486700000000042,28.448100001000057],[48.487100000000055,28.448200000000043],[48.487500000000068,28.448200000000043],[48.489500000000078,28.448400000000049],[48.489500000000078,28.448400000000049],[48.489500000000078,28.449100001000033],[48.489100000000064,28.45209999900004],[48.489100000000064,28.452400001000058],[48.489100000000064,28.45270000000005],[48.489000000000033,28.453100000000063]]]},"properties":{"OBJECTID":17,"OBJECTID_1":17,"PKDISTRICTID":"","DATASOURCE":"","CREATIONUSER":"","DATECREATED":"","DATEMODIFIED":"","LASTUSER":"","ArabicName":"الياسمين","EnglishName":" YASMIN","FKREGIONID":"","FKGOVERNORATEID":"","FKAMANAID":"","DISTRICTNO":"","FKDISTRICTID":"","MunicipalityName":"al khafji","Shape_Length":0.026573930109059566,"Shape_Area":4.3560002949995977e-05}},{"type":"Feature","id":18,"geometry":{"type":"Polygon","coordinates":[[[48.487600000000043,28.457800001000066],[48.487500000000068,28.458100000000059],[48.487300000000062,28.45840000000004],[48.48720000000003,28.458500000000072],[48.484500000000025,28.459300000000042],[48.483300000000042,28.459600000000023],[48.482700000000079,28.45979999900004],[48.482400000000041,28.459899999000072],[48.481400000000065,28.460200001000032],[48.481000000000051,28.460300000000075],[48.479600000000062,28.460700000000031],[48.478900000000067,28.460899999000048],[48.477700000000027,28.461200001000066],[48.477600000000052,28.461200001000066],[48.477600000000052,28.461200001000066],[48.477600000000052,28.461200001000066],[48.477600000000052,28.461200001000066],[48.477600000000052,28.461200001000066],[48.477600000000052,28.461200001000066],[48.477600000000052,28.461200001000066],[48.477600000000052,28.461200001000066],[48.477600000000052,28.461200001000066],[48.477600000000052,28.461200001000066],[48.477600000000052,28.461200001000066],[48.477600000000052,28.461200001000066],[48.477600000000052,28.461200001000066],[48.477600000000052,28.461200001000066],[48.478200000000072,28.460200001000032],[48.478400000000079,28.459600000000023],[48.478900000000067,28.45840000000004],[48.478900000000067,28.45840000000004],[48.479600000000062,28.456499999000073],[48.479700000000037,28.456200000000024],[48.479900000000043,28.455800001000057],[48.480000000000075,28.45549999900004],[48.481000000000051,28.453100000000063],[48.481000000000051,28.453000000000031],[48.481600000000071,28.453199999000049],[48.481700000000046,28.453199999000049],[48.484100000000069,28.453900000000033],[48.484400000000051,28.454000000000065],[48.485100000000045,28.454299999000057],[48.485500000000059,28.454399999000032],[48.486900000000048,28.454800000000034],[48.48700000000008,28.454800000000034],[48.488500000000045,28.455300000000079],[48.488500000000045,28.455300000000079],[48.488300000000038,28.455800001000057],[48.488300000000038,28.455900000000042],[48.487600000000043,28.457800001000066]]]},"properties":{"OBJECTID":18,"OBJECTID_1":18,"PKDISTRICTID":"","DATASOURCE":"","CREATIONUSER":"","DATECREATED":"","DATEMODIFIED":"","LASTUSER":"","ArabicName":"الخزامي","EnglishName":" KHAZAMAA","FKREGIONID":"","FKGOVERNORATEID":"","FKAMANAID":"","DISTRICTNO":"","FKDISTRICTID":"","MunicipalityName":"al khafji","Shape_Length":0.030223406523413536,"Shape_Area":4.8290002999928641e-05}},{"type":"Feature","id":19,"geometry":{"type":"Polygon","coordinates":[[[48.485400000000027,28.46330000100005],[48.485400000000027,28.463500001000057],[48.485400000000027,28.463700000000074],[48.485300000000052,28.463900000000024],[48.485300000000052,28.46410000000003],[48.485300000000052,28.464199999000073],[48.485300000000052,28.464400001000058],[48.485300000000052,28.464500001000033],[48.485300000000052,28.46470000000005],[48.485300000000052,28.464900000000057],[48.485400000000027,28.465299999000024],[48.485400000000027,28.465800000000058],[48.485200000000077,28.467100000000073],[48.485200000000077,28.467100000000073],[48.477100000000064,28.466499999000064],[48.477200000000039,28.465299999000024],[48.477300000000071,28.464800000000025],[48.477400000000046,28.46330000100005],[48.477400000000046,28.463000000000079],[48.477500000000077,28.461600000000033],[48.477600000000052,28.461500000000058],[48.47810000000004,28.461400000000026],[48.478400000000079,28.461300001000041],[48.478800000000035,28.461200001000066],[48.479100000000074,28.461100001000034],[48.47950000000003,28.460999999000023],[48.479800000000068,28.460899999000048],[48.480200000000082,28.460800000000063],[48.480600000000038,28.460700000000031],[48.481200000000058,28.460500000000025],[48.481300000000033,28.460500000000025],[48.482100000000059,28.460300000000075],[48.482600000000048,28.460100001000058],[48.486300000000028,28.459100001000024],[48.486600000000067,28.459000001000049],[48.486900000000048,28.458900001000075],[48.487100000000055,28.459000001000049],[48.487100000000055,28.459000001000049],[48.48580000000004,28.462300001000074],[48.485700000000065,28.462600000000066],[48.485600000000034,28.462900000000047],[48.485400000000027,28.46330000100005]]]},"properties":{"OBJECTID":19,"OBJECTID_1":19,"PKDISTRICTID":"","DATASOURCE":"","CREATIONUSER":"","DATECREATED":"","DATEMODIFIED":"","LASTUSER":"","ArabicName":"الفيحاء","EnglishName":" FAIHA","FKREGIONID":"","FKGOVERNORATEID":"","FKAMANAID":"","DISTRICTNO":"","FKDISTRICTID":"","MunicipalityName":"al khafji","Shape_Length":0.031554515985019918,"Shape_Area":5.4479992450158436e-05}},{"type":"Feature","id":20,"geometry":{"type":"Polygon","coordinates":[[[48.477700000000027,28.466900000000066],[48.477900000000034,28.466900000000066],[48.47870000000006,28.466900000000066],[48.479000000000042,28.467000000000041],[48.47930000000008,28.467000000000041],[48.479600000000062,28.467000000000041],[48.479900000000043,28.467000000000041],[48.48010000000005,28.467000000000041],[48.480400000000031,28.467000000000041],[48.48070000000007,28.467100000000073],[48.480900000000076,28.467100000000073],[48.481800000000078,28.467100000000073],[48.482900000000029,28.467200000000048],[48.484400000000051,28.467300000000023],[48.484700000000032,28.467300000000023],[48.485200000000077,28.467399999000065],[48.485200000000077,28.467399999000065],[48.484900000000039,28.470799999000064],[48.484900000000039,28.471200000000067],[48.484900000000039,28.471500000000049],[48.484800000000064,28.471799999000041],[48.484700000000032,28.473500000000058],[48.484700000000032,28.47380000000004],[48.484600000000057,28.474199999000064],[48.484600000000057,28.474500000000035],[48.484300000000076,28.477499999000031],[48.484300000000076,28.477800000000059],[48.484200000000044,28.479100000000074],[48.484200000000044,28.479300000000023],[48.484200000000044,28.479699999000047],[48.481900000000053,28.479599999000072],[48.481600000000071,28.479499999000041],[48.481200000000058,28.479499999000041],[48.481000000000051,28.479499999000041],[48.479800000000068,28.479400000000055],[48.479400000000055,28.479400000000055],[48.479200000000048,28.479400000000055],[48.478800000000035,28.479400000000055],[48.477000000000032,28.479200000000048],[48.477000000000032,28.479200000000048],[48.476900000000057,28.479200000000048],[48.476800000000026,28.479200000000048],[48.476700000000051,28.479200000000048],[48.476700000000051,28.479100000000074],[48.476600000000076,28.479100000000074],[48.476500000000044,28.479100000000074],[48.476500000000044,28.479000000000042],[48.476400000000069,28.479000000000042],[48.476400000000069,28.478900000000067],[48.476300000000037,28.478800001000025],[48.476300000000037,28.478800001000025],[48.476300000000037,28.47870000100005],[48.476300000000037,28.47870000100005],[48.476200000000063,28.478599999000039],[48.476200000000063,28.477600001000042],[48.476200000000063,28.476700000000051],[48.476300000000037,28.476299999000048],[48.476300000000037,28.476100000000031],[48.476300000000037,28.475800000000049],[48.476300000000037,28.475400001000025],[48.476400000000069,28.474099999000032],[48.476500000000044,28.473999999000057],[48.476500000000044,28.473600000000033],[48.476600000000076,28.472700000000032],[48.476600000000076,28.472600000000057],[48.476600000000076,28.472100001000058],[48.476600000000076,28.471700000000055],[48.476700000000051,28.470699999000033],[48.476800000000026,28.470300000000066],[48.476900000000057,28.468900001000065],[48.476900000000057,28.468499999000073],[48.477000000000032,28.467900001000032],[48.477100000000064,28.466900000000066],[48.477100000000064,28.466800001000024],[48.477700000000027,28.466900000000066]]]},"properties":{"OBJECTID":20,"OBJECTID_1":20,"PKDISTRICTID":"","DATASOURCE":"","CREATIONUSER":"","DATECREATED":"","DATEMODIFIED":"","LASTUSER":"","ArabicName":"النزهة","EnglishName":" NOZHA","FKREGIONID":"","FKGOVERNORATEID":"","FKAMANAID":"","DISTRICTNO":"","FKDISTRICTID":"","MunicipalityName":"al khafji","Shape_Length":0.04093570719246023,"Shape_Area":0.00010071499575005263}},{"type":"Feature","id":21,"geometry":{"type":"Polygon","coordinates":[[[48.483800000000031,28.483700000000056],[48.483800000000031,28.484099999000023],[48.483800000000031,28.484300001000065],[48.483800000000031,28.484400000000051],[48.483700000000056,28.484600000000057],[48.483700000000056,28.484800000000064],[48.483700000000056,28.484999999000024],[48.483600000000081,28.485200001000067],[48.483600000000081,28.485400001000073],[48.483500000000049,28.485600000000034],[48.483400000000074,28.48580000000004],[48.483400000000074,28.486000000000047],[48.483300000000042,28.486199999000064],[48.483200000000068,28.48640000100005],[48.483100000000036,28.486500001000024],[48.483000000000061,28.486700000000042],[48.483000000000061,28.486800000000073],[48.482900000000029,28.486900000000048],[48.482800000000054,28.487000000000023],[48.482700000000079,28.48719999900004],[48.482600000000048,28.487299999000072],[48.482500000000073,28.487500001000058],[48.482300000000066,28.487700000000075],[48.482200000000034,28.48780000000005],[48.482100000000059,28.488000000000056],[48.482100000000059,28.488000000000056],[48.480900000000076,28.489200000000039],[48.480600000000038,28.489499999000031],[48.477900000000034,28.492300000000057],[48.477800000000059,28.492300000000057],[48.474800000000073,28.490100000000041],[48.474500000000035,28.489800001000049],[48.474200000000053,28.489600001000042],[48.474000000000046,28.489499999000031],[48.473900000000071,28.489399999000057],[48.473700000000065,28.489300000000071],[48.473500000000058,28.489200000000039],[48.473300000000052,28.489100000000064],[48.473100000000045,28.489000000000033],[48.472300000000075,28.488600001000066],[48.472000000000037,28.488500001000034],[48.471900000000062,28.488399999000023],[48.472300000000075,28.487700000000075],[48.472500000000082,28.487400001000026],[48.472600000000057,28.48719999900004],[48.472700000000032,28.487000000000023],[48.47380000000004,28.484900000000039],[48.474000000000046,28.484500000000025],[48.474700000000041,28.483200001000057],[48.474900000000048,28.482999999000072],[48.475600000000043,28.481600000000071],[48.475800000000049,28.481300000000033],[48.475800000000049,28.481200000000058],[48.475800000000049,28.481100000000026],[48.475900000000081,28.480900001000066],[48.475900000000081,28.480699999000024],[48.475900000000081,28.480599999000049],[48.475900000000081,28.480200000000025],[48.475900000000081,28.480000000000075],[48.476000000000056,28.479599999000072],[48.477700000000027,28.479699999000047],[48.477900000000034,28.479800001000058],[48.478200000000072,28.479800001000058],[48.478500000000054,28.479800001000058],[48.479400000000055,28.479800001000058],[48.479800000000068,28.479900001000033],[48.481100000000026,28.480000000000075],[48.48150000000004,28.480000000000075],[48.481800000000078,28.480000000000075],[48.481900000000053,28.480000000000075],[48.483600000000081,28.48010000000005],[48.483700000000056,28.48010000000005],[48.484100000000069,28.480200000000025],[48.484000000000037,28.481000001000041],[48.484000000000037,28.481300000000033],[48.484000000000037,28.481600000000071],[48.484000000000037,28.481699999000057],[48.483900000000062,28.483300000000042],[48.483800000000031,28.483400000000074],[48.483800000000031,28.483700000000056]]]},"properties":{"OBJECTID":21,"OBJECTID_1":21,"PKDISTRICTID":"","DATASOURCE":"","CREATIONUSER":"","DATECREATED":"","DATEMODIFIED":"","LASTUSER":"","ArabicName":"المروج","EnglishName":" MOROJ","FKREGIONID":"","FKGOVERNORATEID":"","FKAMANAID":"","DISTRICTNO":"","FKDISTRICTID":"","MunicipalityName":"al khafji","Shape_Length":0.039615257167988187,"Shape_Area":9.7819998849853218e-05}},{"type":"Feature","id":22,"geometry":{"type":"Polygon","coordinates":[[[48.493000000000052,28.490499999000065],[48.492800000000045,28.490800001000025],[48.492600000000039,28.491100000000074],[48.492300000000057,28.491300000000024],[48.49210000000005,28.491599999000073],[48.491900000000044,28.491800001000058],[48.491700000000037,28.49210000000005],[48.49150000000003,28.492300000000057],[48.491300000000081,28.492300000000057],[48.490900000000067,28.492200000000025],[48.490600000000029,28.49210000000005],[48.488000000000056,28.491300000000024],[48.488000000000056,28.491200000000049],[48.489000000000033,28.488800000000026],[48.489000000000033,28.488800000000026],[48.492500000000064,28.489900000000034],[48.492800000000045,28.490000000000066],[48.493200000000058,28.490100000000041],[48.493200000000058,28.490200000000073],[48.493100000000027,28.490400000000079],[48.493000000000052,28.490499999000065]]]},"properties":{"OBJECTID":22,"OBJECTID_1":22,"PKDISTRICTID":"","DATASOURCE":"","CREATIONUSER":"","DATECREATED":"","DATEMODIFIED":"","LASTUSER":"","ArabicName":"إسكان الجمرك","EnglishName":"eskan algomrk","FKREGIONID":"","FKGOVERNORATEID":"","FKAMANAID":"","DISTRICTNO":"","FKDISTRICTID":"","MunicipalityName":"al khafji","Shape_Length":0.013579647116246178,"Shape_Area":1.0910000050053068e-05}},{"type":"Feature","id":23,"geometry":{"type":"Polygon","coordinates":[[[48.439600000000041,28.474600000000066],[48.448300000000074,28.475800000000049],[48.448300000000074,28.475900000000024],[48.445100000000082,28.493100001000073],[48.436400000000049,28.491800001000058],[48.439600000000041,28.474600000000066]]]},"properties":{"OBJECTID":23,"OBJECTID_1":23,"PKDISTRICTID":"","DATASOURCE":"","CREATIONUSER":"","DATECREATED":"","DATEMODIFIED":"","LASTUSER":"","ArabicName":"نادي الفروسية","EnglishName":"Equestrian Club","FKREGIONID":"","FKGOVERNORATEID":"","FKAMANAID":"","DISTRICTNO":"","FKDISTRICTID":"","MunicipalityName":"al khafji","Shape_Length":0.052669245281626406,"Shape_Area":0.00015423500870058424}},{"type":"Feature","id":24,"geometry":{"type":"Polygon","coordinates":[[[48.495200000000068,28.473500000000058],[48.495100000000036,28.473900000000071],[48.495000000000061,28.474300001000074],[48.49490000000003,28.474600000000066],[48.494800000000055,28.475000000000023],[48.49470000000008,28.475400001000025],[48.49470000000008,28.475700000000074],[48.494600000000048,28.476100000000031],[48.494500000000073,28.476500001000034],[48.494500000000073,28.476800000000026],[48.494400000000041,28.477200000000039],[48.494400000000041,28.477600001000042],[48.494400000000041,28.477900000000034],[48.494300000000067,28.478300000000047],[48.494300000000067,28.47870000100005],[48.494300000000067,28.479000000000042],[48.494300000000067,28.479300000000023],[48.494300000000067,28.479599999000072],[48.494300000000067,28.480000000000075],[48.494300000000067,28.480300000000057],[48.494300000000067,28.480300000000057],[48.494000000000028,28.480300000000057],[48.493700000000047,28.480300000000057],[48.492800000000045,28.480200000000025],[48.492000000000075,28.480200000000025],[48.491900000000044,28.480200000000025],[48.490400000000079,28.48010000000005],[48.490300000000047,28.48010000000005],[48.489800000000059,28.480000000000075],[48.489400000000046,28.480000000000075],[48.487600000000043,28.479900001000033],[48.487500000000068,28.479900001000033],[48.485500000000059,28.479699999000047],[48.485400000000027,28.479699999000047],[48.484800000000064,28.479699999000047],[48.484800000000064,28.479699999000047],[48.484900000000039,28.477900000000034],[48.485100000000045,28.476199999000073],[48.485100000000045,28.475900000000024],[48.485100000000045,28.475500001000057],[48.485200000000077,28.47519999900004],[48.485400000000027,28.472700000000032],[48.486000000000047,28.465500001000066],[48.486600000000067,28.465399999000056],[48.486900000000048,28.465399999000056],[48.487900000000081,28.465299999000024],[48.488600000000076,28.465299999000024],[48.49150000000003,28.465000000000032],[48.49150000000003,28.465000000000032],[48.492800000000045,28.464900000000057],[48.492900000000077,28.464900000000057],[48.493000000000052,28.464800000000025],[48.492900000000077,28.463800000000049],[48.493100000000027,28.463600000000042],[48.497800000000041,28.463199999000039],[48.497900000000072,28.46330000100005],[48.498100000000079,28.464600001000065],[48.498100000000079,28.465600001000041],[48.498000000000047,28.466800001000024],[48.497400000000027,28.468800001000034],[48.496900000000039,28.469799999000031],[48.496200000000044,28.471300000000042],[48.495600000000081,28.472600000000057],[48.495200000000068,28.473500000000058]]]},"properties":{"OBJECTID":24,"OBJECTID_1":24,"PKDISTRICTID":"","DATASOURCE":"","CREATIONUSER":"","DATECREATED":"","DATEMODIFIED":"","LASTUSER":"","ArabicName":"الشاطئ","EnglishName":" SHAT'E","FKREGIONID":"","FKGOVERNORATEID":"","FKAMANAID":"","DISTRICTNO":"","FKDISTRICTID":"","MunicipalityName":"al khafji","Shape_Length":0.054727659257539044,"Shape_Area":0.00016504000640026864}},{"type":"Feature","id":25,"geometry":{"type":"MultiPolygon","coordinates":[[[[48.441700000000026,28.449700000000064],[48.441300000000069,28.450099999000031],[48.440800000000081,28.450500000000034],[48.43990000000008,28.45130000100005],[48.438800000000072,28.452299999000047],[48.437400000000025,28.453500001000066],[48.436800000000062,28.454100000000039],[48.43650000000008,28.454399999000032],[48.435600000000079,28.455200000000048],[48.435300000000041,28.455399999000065],[48.434300000000064,28.456400000000031],[48.434300000000064,28.456400000000031],[48.433800000000076,28.456800001000033],[48.433800000000076,28.456900001000065],[48.432800000000043,28.457800001000066],[48.432500000000061,28.458000001000073],[48.43160000000006,28.458799999000064],[48.431500000000028,28.458799999000064],[48.431200000000047,28.458500000000072],[48.43100000000004,28.458300000000065],[48.429700000000025,28.457200000000057],[48.429700000000025,28.457200000000057],[48.428400000000067,28.456100000000049],[48.428200000000061,28.455900000000042],[48.428000000000054,28.455800001000057],[48.427100000000053,28.454900000000066],[48.426900000000046,28.454800000000034],[48.426700000000039,28.454600001000074],[48.425600000000031,28.453700000000026],[48.425600000000031,28.453600001000041],[48.42450000000008,28.45270000000005],[48.424300000000073,28.452500001000033],[48.42390000000006,28.452199999000072],[48.423500000000047,28.451900000000023],[48.421900000000051,28.450500000000034],[48.421900000000051,28.450400000000059],[48.421300000000031,28.449899999000024],[48.421000000000049,28.449700000000064],[48.420000000000073,28.448799999000073],[48.420000000000073,28.448799999000073],[48.419500000000028,28.448400000000049],[48.419500000000028,28.448400000000049],[48.418400000000076,28.447500000000048],[48.41820000000007,28.447300000000041],[48.417700000000082,28.446799999000064],[48.41760000000005,28.446799999000064],[48.415900000000079,28.445300000000032],[48.415900000000079,28.445200000000057],[48.416300000000035,28.444900000000075],[48.416500000000042,28.444700001000058],[48.41820000000007,28.443100000000072],[48.418500000000051,28.442900000000066],[48.418600000000026,28.442800000000034],[48.419500000000028,28.442000000000064],[48.419700000000034,28.441800000000057],[48.419900000000041,28.441600000000051],[48.421400000000062,28.440300001000026],[48.421700000000044,28.439999999000065],[48.422000000000025,28.439700000000073],[48.422300000000064,28.439500000000066],[48.423200000000065,28.438600000000065],[48.423400000000072,28.438400000000058],[48.425000000000068,28.437000001000058],[48.425100000000043,28.437000001000058],[48.425500000000056,28.436600000000055],[48.425500000000056,28.436500000000024],[48.427100000000053,28.435100000000034],[48.427300000000059,28.434900001000074],[48.428200000000061,28.434100000000058],[48.42960000000005,28.432900000000075],[48.43020000000007,28.432300000000055],[48.430500000000052,28.432000000000073],[48.430900000000065,28.431700001000024],[48.431100000000072,28.431500001000074],[48.432500000000061,28.430199999000024],[48.432600000000036,28.430199999000024],[48.434000000000026,28.428900000000056],[48.434200000000033,28.428700000000049],[48.434400000000039,28.428500000000042],[48.435300000000041,28.427700000000073],[48.435500000000047,28.427500000000066],[48.435700000000054,28.427300001000049],[48.437400000000025,28.425799999000049],[48.437600000000032,28.425600000000031],[48.43790000000007,28.42530000000005],[48.438200000000052,28.425100001000033],[48.440400000000068,28.423100000000034],[48.440700000000049,28.422800001000041],[48.441200000000038,28.422300000000064],[48.441500000000076,28.422100000000057],[48.442100000000039,28.421599999000023],[48.442400000000077,28.421200000000056],[48.441700000000026,28.449700000000064]]],[[[48.466500000000053,28.426400000000058],[48.45210000000003,28.440199999000072],[48.452000000000055,28.440199999000072],[48.451000000000079,28.441199999000048],[48.45070000000004,28.441400001000034],[48.450000000000045,28.442100000000039],[48.449700000000064,28.442399999000031],[48.448700000000031,28.443299999000033],[48.448200000000043,28.443800000000067],[48.448100000000068,28.443900000000042],[48.447500000000048,28.444399999000041],[48.447400000000073,28.444499999000072],[48.446700000000078,28.445100000000025],[48.44640000000004,28.445400000000063],[48.445700000000045,28.446100000000058],[48.44560000000007,28.446200000000033],[48.444100000000049,28.447500000000048],[48.443800000000067,28.44779999900004],[48.443200000000047,28.448300000000074],[48.442800000000034,28.448700000000031],[48.44360000000006,28.419900000000041],[48.445800000000077,28.417900000000031],[48.451100000000054,28.412799999000072],[48.466500000000053,28.426400000000058]]]]},"properties":{"OBJECTID":25,"OBJECTID_1":25,"PKDISTRICTID":"","DATASOURCE":"","CREATIONUSER":"","DATECREATED":"","DATEMODIFIED":"","LASTUSER":"","ArabicName":"الأندلس","EnglishName":"Andalus","FKREGIONID":"","FKGOVERNORATEID":"","FKAMANAID":"","DISTRICTNO":"","FKDISTRICTID":"","MunicipalityName":"al khafji","Shape_Length":0.19125663663151629,"Shape_Area":0.00094959999540000502}},{"type":"Feature","id":26,"geometry":{"type":"Polygon","coordinates":[[[48.483900000000062,28.48719999900004],[48.484200000000044,28.487299999000072],[48.484300000000076,28.487299999000072],[48.484500000000025,28.487400001000026],[48.484700000000032,28.487400001000026],[48.484900000000039,28.487500001000058],[48.485100000000045,28.487600001000033],[48.485300000000052,28.487600001000033],[48.485500000000059,28.487700000000075],[48.485700000000065,28.48780000000005],[48.485900000000072,28.48780000000005],[48.486100000000079,28.487900000000025],[48.486200000000053,28.487900000000025],[48.48640000000006,28.488000000000056],[48.486600000000067,28.488000000000056],[48.486800000000073,28.488100000000031],[48.48700000000008,28.488200000000063],[48.48720000000003,28.488200000000063],[48.487400000000036,28.488299999000049],[48.487600000000043,28.488399999000023],[48.48780000000005,28.488399999000023],[48.488000000000056,28.488500001000034],[48.488100000000031,28.488500001000034],[48.48840000000007,28.488600001000066],[48.488800000000026,28.488700001000041],[48.488200000000063,28.490200000000073],[48.488200000000063,28.490300000000047],[48.488200000000063,28.490400000000079],[48.488200000000063,28.490499999000065],[48.488100000000031,28.490499999000065],[48.488100000000031,28.49059999900004],[48.488000000000056,28.49070000100005],[48.488000000000056,28.490800001000025],[48.488000000000056,28.490800001000025],[48.487900000000081,28.491000000000042],[48.487900000000081,28.491000000000042],[48.48780000000005,28.491200000000049],[48.487700000000075,28.491300000000024],[48.487700000000075,28.491300000000024],[48.48780000000005,28.491300000000024],[48.491400000000056,28.492400000000032],[48.491300000000081,28.492500000000064],[48.491200000000049,28.492500000000064],[48.491200000000049,28.492600000000039],[48.491100000000074,28.492600000000039],[48.491100000000074,28.492699999000024],[48.491000000000042,28.492699999000024],[48.491000000000042,28.492799999000056],[48.490900000000067,28.492799999000056],[48.490900000000067,28.492900001000066],[48.490600000000029,28.493100001000073],[48.490600000000029,28.493100001000073],[48.490600000000029,28.493100001000073],[48.490500000000054,28.493200000000058],[48.490500000000054,28.493200000000058],[48.490400000000079,28.493300000000033],[48.490400000000079,28.493300000000033],[48.490400000000079,28.493300000000033],[48.490300000000047,28.493300000000033],[48.490300000000047,28.493400000000065],[48.490300000000047,28.493400000000065],[48.490200000000073,28.493400000000065],[48.490200000000073,28.49350000000004],[48.490200000000073,28.49350000000004],[48.490100000000041,28.49350000000004],[48.490100000000041,28.493600000000072],[48.490000000000066,28.493600000000072],[48.490000000000066,28.493700000000047],[48.489900000000034,28.493700000000047],[48.489900000000034,28.493700000000047],[48.489800000000059,28.493799999000032],[48.489700000000028,28.493799999000032],[48.489700000000028,28.493899999000064],[48.489600000000053,28.493899999000064],[48.489600000000053,28.493899999000064],[48.489500000000078,28.494000001000074],[48.489500000000078,28.494000001000074],[48.489500000000078,28.494100001000049],[48.489400000000046,28.494100001000049],[48.489400000000046,28.494100001000049],[48.489300000000071,28.494200001000024],[48.489300000000071,28.494200001000024],[48.489200000000039,28.494200001000024],[48.489200000000039,28.494200001000024],[48.489200000000039,28.494300000000067],[48.489100000000064,28.494300000000067],[48.488600000000076,28.494600000000048],[48.488600000000076,28.494700000000023],[48.488500000000045,28.494700000000023],[48.488500000000045,28.494700000000023],[48.48840000000007,28.494800000000055],[48.48840000000007,28.494800000000055],[48.488300000000038,28.494800000000055],[48.488200000000063,28.49489999900004],[48.488200000000063,28.49489999900004],[48.488100000000031,28.494999999000072],[48.488000000000056,28.494999999000072],[48.488000000000056,28.494999999000072],[48.487900000000081,28.495100001000026],[48.48780000000005,28.495100001000026],[48.487700000000075,28.495200001000057],[48.487700000000075,28.495200001000057],[48.487400000000036,28.495400000000075],[48.487400000000036,28.495400000000075],[48.487400000000036,28.495400000000075],[48.487300000000062,28.495400000000075],[48.487300000000062,28.49550000000005],[48.48720000000003,28.49550000000005],[48.48720000000003,28.49550000000005],[48.487100000000055,28.495600000000024],[48.48700000000008,28.495600000000024],[48.485900000000072,28.496099999000023],[48.485900000000072,28.496099999000023],[48.485900000000072,28.496200001000034],[48.48580000000004,28.496200001000034],[48.485700000000065,28.496200001000034],[48.485700000000065,28.496200001000034],[48.485700000000065,28.496200001000034],[48.485600000000034,28.496300001000066],[48.485500000000059,28.496300001000066],[48.485500000000059,28.496300001000066],[48.485200000000077,28.49640000100004],[48.485200000000077,28.496500000000026],[48.485100000000045,28.496500000000026],[48.48500000000007,28.496500000000026],[48.484900000000039,28.496600000000058],[48.484800000000064,28.496600000000058],[48.484800000000064,28.496600000000058],[48.484700000000032,28.496600000000058],[48.484600000000057,28.496700000000033],[48.484500000000025,28.496700000000033],[48.484500000000025,28.496700000000033],[48.484400000000051,28.496800000000064],[48.484300000000076,28.496800000000064],[48.484300000000076,28.496800000000064],[48.484200000000044,28.496800000000064],[48.484100000000069,28.496900000000039],[48.484000000000037,28.496900000000039],[48.484000000000037,28.496900000000039],[48.483900000000062,28.496900000000039],[48.483800000000031,28.497000000000071],[48.483800000000031,28.497000000000071],[48.483700000000056,28.497000000000071],[48.483600000000081,28.497000000000071],[48.483600000000081,28.497000000000071],[48.483500000000049,28.497099999000056],[48.483500000000049,28.497099999000056],[48.483400000000074,28.497099999000056],[48.483300000000042,28.497099999000056],[48.483200000000068,28.497099999000056],[48.483200000000068,28.497199999000031],[48.483100000000036,28.497199999000031],[48.483000000000061,28.497199999000031],[48.482900000000029,28.497199999000031],[48.482900000000029,28.497300001000042],[48.482800000000054,28.497300001000042],[48.482500000000073,28.497400001000074],[48.482400000000041,28.497400001000074],[48.482300000000066,28.497400001000074],[48.482300000000066,28.497500001000049],[48.482200000000034,28.497500001000049],[48.482100000000059,28.497500001000049],[48.482000000000028,28.497500001000049],[48.48150000000004,28.497700000000066],[48.481300000000033,28.497800000000041],[48.481000000000051,28.497900000000072],[48.48070000000007,28.497900000000072],[48.480400000000031,28.498000000000047],[48.48010000000005,28.498100000000079],[48.479800000000068,28.498199999000065],[48.47950000000003,28.498299999000039],[48.479200000000048,28.49840000100005],[48.479000000000042,28.498500001000025],[48.478800000000035,28.498500001000025],[48.477400000000046,28.499000000000024],[48.477100000000064,28.499100000000055],[48.476800000000026,28.499100000000055],[48.476600000000076,28.499199999000041],[48.476300000000037,28.499299999000073],[48.476000000000056,28.499399999000048],[48.475700000000074,28.499500001000058],[48.475400000000036,28.499600001000033],[48.475100000000054,28.499700001000065],[48.475100000000054,28.499700001000065],[48.470200000000034,28.50120000000004],[48.473600000000033,28.497600000000034],[48.47380000000004,28.497400001000074],[48.474000000000046,28.497199999000031],[48.474200000000053,28.497000000000071],[48.47440000000006,28.496800000000064],[48.474600000000066,28.496600000000058],[48.474800000000073,28.49640000100004],[48.47500000000008,28.496200001000034],[48.475200000000029,28.495999999000048],[48.476200000000063,28.494999999000072],[48.476400000000069,28.494800000000055],[48.476600000000076,28.494500000000073],[48.476800000000026,28.494300000000067],[48.477000000000032,28.494100001000049],[48.477200000000039,28.493899999000064],[48.477400000000046,28.493700000000047],[48.477600000000052,28.49350000000004],[48.477800000000059,28.493300000000033],[48.478000000000065,28.493000001000041],[48.478300000000047,28.492699999000024],[48.478500000000054,28.492500000000064],[48.47870000000006,28.492300000000057],[48.478800000000035,28.492300000000057],[48.479000000000042,28.492000001000065],[48.479200000000048,28.491800001000058],[48.479400000000055,28.491599999000073],[48.479600000000062,28.491400000000056],[48.479800000000068,28.491200000000049],[48.479900000000043,28.491000000000042],[48.48010000000005,28.490800001000025],[48.480300000000057,28.49059999900004],[48.480500000000063,28.490400000000079],[48.48070000000007,28.490200000000073],[48.480900000000076,28.490100000000041],[48.481800000000078,28.489100000000064],[48.482100000000059,28.488900000000058],[48.482200000000034,28.488700001000041],[48.482400000000041,28.488500001000034],[48.482500000000073,28.488399999000023],[48.482600000000048,28.488299999000049],[48.482600000000048,28.488299999000049],[48.482700000000079,28.488100000000031],[48.482800000000054,28.488100000000031],[48.482900000000029,28.488000000000056],[48.483000000000061,28.487900000000025],[48.483000000000061,28.48780000000005],[48.483100000000036,28.487700000000075],[48.483100000000036,28.487700000000075],[48.483300000000042,28.487500001000058],[48.483300000000042,28.487500001000058],[48.483400000000074,28.48719999900004],[48.483500000000049,28.487100000000055],[48.483500000000049,28.487100000000055],[48.483600000000081,28.487100000000055],[48.483900000000062,28.48719999900004]]]},"properties":{"OBJECTID":26,"OBJECTID_1":26,"PKDISTRICTID":"","DATASOURCE":"","CREATIONUSER":"","DATECREATED":"","DATEMODIFIED":"","LASTUSER":"","ArabicName":"الخليج العربي الشرقي","EnglishName":"Eastern Arabian Gulf","FKREGIONID":"","FKGOVERNORATEID":"","FKAMANAID":"","DISTRICTNO":"","FKDISTRICTID":"","MunicipalityName":"al khafji","Shape_Length":0.056775051501376309,"Shape_Area":0.00011004500400013861}},{"type":"Feature","id":27,"geometry":{"type":"Polygon","coordinates":[[[48.444700000000068,28.38529999900004],[48.444700000000068,28.38529999900004],[48.444600000000037,28.383700000000033],[48.444600000000037,28.383400001000041],[48.444600000000037,28.383199999000055],[48.444600000000037,28.382900000000063],[48.444600000000037,28.382700000000057],[48.444600000000037,28.38250000000005],[48.444600000000037,28.382300001000033],[48.444600000000037,28.382200001000058],[48.444600000000037,28.381999999000072],[48.444700000000068,28.381800000000055],[48.444700000000068,28.381600000000049],[48.444700000000068,28.381400000000042],[48.444700000000068,28.381300000000067],[48.44500000000005,28.378799999000023],[48.445700000000045,28.378900001000034],[48.452200000000062,28.379400000000032],[48.452300000000037,28.379500000000064],[48.452300000000037,28.379500000000064],[48.452400000000068,28.379500000000064],[48.452500000000043,28.379500000000064],[48.452600000000075,28.379500000000064],[48.45270000000005,28.379500000000064],[48.45270000000005,28.379500000000064],[48.452800000000082,28.379600000000039],[48.452900000000056,28.379600000000039],[48.453000000000031,28.379600000000039],[48.453000000000031,28.379699999000024],[48.453100000000063,28.379699999000024],[48.453200000000038,28.379699999000024],[48.45330000000007,28.379799999000056],[48.45330000000007,28.379799999000056],[48.453400000000045,28.379799999000056],[48.446200000000033,28.386399999000048],[48.445900000000051,28.386700001000065],[48.445100000000082,28.387399999000024],[48.444900000000075,28.387399999000024],[48.444800000000043,28.386600001000033],[48.444700000000068,28.38529999900004]]]},"properties":{"OBJECTID":27,"OBJECTID_1":27,"PKDISTRICTID":"","DATASOURCE":"","CREATIONUSER":"","DATECREATED":"","DATEMODIFIED":"","LASTUSER":"","ArabicName":"مخطط 71","EnglishName":"plan 71","FKREGIONID":"","FKGOVERNORATEID":"","FKAMANAID":"","DISTRICTNO":"","FKDISTRICTID":"","MunicipalityName":"al khafji","Shape_Length":0.02875987434623696,"Shape_Area":3.9759989900038015e-05}},{"type":"Feature","id":28,"geometry":{"type":"Polygon","coordinates":[[[48.450900000000047,28.378500000000031],[48.448300000000074,28.378400000000056],[48.447200000000066,28.378400000000056],[48.446500000000071,28.378200000000049],[48.445800000000077,28.378000000000043],[48.445100000000082,28.37759999900004],[48.44440000000003,28.377000000000066],[48.444100000000049,28.376700001000074],[48.443400000000054,28.375800001000073],[48.44300000000004,28.375299999000049],[48.442500000000052,28.374600001000033],[48.442200000000071,28.374100000000055],[48.442100000000039,28.373800000000074],[48.442000000000064,28.37340000100005],[48.442000000000064,28.372900000000072],[48.443500000000029,28.357300000000066],[48.445200000000057,28.339900000000057],[48.445300000000032,28.339600001000065],[48.44560000000007,28.339000000000055],[48.446100000000058,28.338000000000079],[48.44700000000006,28.336600000000033],[48.447600000000079,28.335899999000048],[48.448400000000049,28.335100001000058],[48.449500000000057,28.334000001000049],[48.449800000000039,28.333799999000064],[48.449800000000039,28.333799999000064],[48.449900000000071,28.333699999000032],[48.450100000000077,28.333699999000032],[48.45070000000004,28.333000001000073],[48.451100000000054,28.332699999000056],[48.468100000000049,28.323100001000057],[48.464500000000044,28.362700000000075],[48.496600000000058,28.364600001000042],[48.496800000000064,28.365100000000041],[48.497300000000052,28.36559999900004],[48.497700000000066,28.365900001000057],[48.498000000000047,28.366100000000074],[48.498300000000029,28.366300000000024],[48.498600000000067,28.366599999000073],[48.498800000000074,28.366900001000033],[48.499100000000055,28.367000001000065],[48.499500000000069,28.36710000000005],[48.499900000000025,28.36710000000005],[48.50040000000007,28.367200000000025],[48.500800000000027,28.367200000000025],[48.500900000000058,28.367300000000057],[48.501300000000072,28.368000001000041],[48.501400000000046,28.368400000000065],[48.501500000000078,28.368799999000032],[48.501600000000053,28.369200001000024],[48.501700000000028,28.369700000000023],[48.501700000000028,28.369999999000072],[48.501500000000078,28.370300001000032],[48.501300000000072,28.370700000000056],[48.501100000000065,28.370999999000048],[48.501000000000033,28.371200001000034],[48.500900000000058,28.371600000000058],[48.500800000000027,28.371800000000064],[48.50040000000007,28.372300001000042],[48.49980000000005,28.372600000000034],[48.499300000000062,28.372700000000066],[48.498900000000049,28.373000000000047],[48.498500000000035,28.373299999000039],[48.497800000000041,28.373800000000074],[48.497000000000071,28.374500001000058],[48.496600000000058,28.375299999000049],[48.496400000000051,28.376000000000033],[48.496100000000069,28.376800001000049],[48.496100000000069,28.377499999000065],[48.496400000000051,28.378400000000056],[48.496700000000033,28.379200000000026],[48.497100000000046,28.380200000000059],[48.497600000000034,28.38110000100005],[48.497900000000072,28.381700000000023],[48.498400000000061,28.382400000000075],[48.498800000000074,28.382800000000032],[48.499300000000062,28.383600000000058],[48.49980000000005,28.38390000000004],[48.500300000000038,28.384099999000057],[48.500700000000052,28.384199999000032],[48.501100000000065,28.384400001000074],[48.501400000000046,28.384600000000034],[48.50180000000006,28.384700000000066],[48.501900000000035,28.384700000000066],[48.502200000000073,28.384800000000041],[48.502900000000068,28.385000000000048],[48.503300000000081,28.385100000000023],[48.503400000000056,28.385199999000065],[48.503200000000049,28.38529999900004],[48.503100000000074,28.385500001000025],[48.503000000000043,28.385500001000025],[48.502900000000068,28.385600001000057],[48.502600000000029,28.385500001000025],[48.502000000000066,28.385399999000072],[48.500600000000077,28.38529999900004],[48.499400000000037,28.385199999000065],[48.498800000000074,28.385100000000023],[48.498200000000054,28.385100000000023],[48.497800000000041,28.385100000000023],[48.497700000000066,28.385199999000065],[48.497900000000072,28.385500001000025],[48.498000000000047,28.385800000000074],[48.498200000000054,28.386000000000024],[48.498000000000047,28.386100000000056],[48.497800000000041,28.386200000000031],[48.497500000000059,28.386299999000073],[48.497300000000052,28.386499999000023],[48.497100000000046,28.386600001000033],[48.497000000000071,28.386600001000033],[48.496800000000064,28.386499999000023],[48.496100000000069,28.386299999000073],[48.495700000000056,28.386200000000031],[48.49550000000005,28.386200000000031],[48.495300000000043,28.386100000000056],[48.49490000000003,28.386000000000024],[48.49490000000003,28.386000000000024],[48.494600000000048,28.385800000000074],[48.494200000000035,28.385700000000043],[48.492300000000057,28.385100000000023],[48.491600000000062,28.384900000000073],[48.491300000000081,28.384900000000073],[48.491000000000042,28.384600000000034],[48.490800000000036,28.384500001000049],[48.490500000000054,28.384299999000064],[48.490300000000047,28.384099999000057],[48.490100000000041,28.384000000000071],[48.489800000000059,28.383700000000033],[48.489400000000046,28.383600000000058],[48.489200000000039,28.383400001000041],[48.489000000000033,28.383300001000066],[48.488700000000051,28.383300001000066],[48.488300000000038,28.383199999000055],[48.487900000000081,28.382999999000049],[48.487600000000043,28.382900000000063],[48.487300000000062,28.382900000000063],[48.487100000000055,28.382800000000032],[48.48700000000008,28.382800000000032],[48.486600000000067,28.382700000000057],[48.486300000000028,28.382600000000025],[48.486100000000079,28.38250000000005],[48.48580000000004,28.38250000000005],[48.484700000000032,28.382099999000047],[48.483900000000062,28.381899999000041],[48.483800000000031,28.381800000000055],[48.483600000000081,28.381700000000023],[48.483500000000049,28.381700000000023],[48.482200000000034,28.38110000100005],[48.481600000000071,28.380799999000033],[48.481400000000065,28.380799999000033],[48.480800000000045,28.38050000000004],[48.479900000000043,28.380100001000073],[48.479800000000068,28.380100001000073],[48.478800000000035,28.380600000000072],[48.478500000000054,28.380799999000033],[48.477400000000046,28.380600000000072],[48.477200000000039,28.380700000000047],[48.476600000000076,28.380999999000039],[48.476300000000037,28.38110000100005],[48.476200000000063,28.381200001000025],[48.475800000000049,28.381200001000025],[48.475600000000043,28.38110000100005],[48.47500000000008,28.38110000100005],[48.474700000000041,28.380999999000039],[48.474500000000035,28.380899999000064],[48.474300000000028,28.380899999000064],[48.474000000000046,28.380799999000033],[48.47240000000005,28.380700000000047],[48.47160000000008,28.380700000000047],[48.470000000000027,28.380799999000033],[48.469500000000039,28.381500000000074],[48.455400000000054,28.380799999000033],[48.454600000000028,28.379600000000039],[48.454300000000046,28.379300000000057],[48.454000000000065,28.379100000000051],[48.453800000000058,28.378900001000034],[48.453500000000076,28.378799999000023],[48.453100000000063,28.378599999000073],[48.452800000000082,28.378599999000073],[48.452400000000068,28.378599999000073],[48.452200000000062,28.378599999000073],[48.45210000000003,28.378599999000073],[48.451700000000073,28.378599999000073],[48.45130000000006,28.378599999000073],[48.450900000000047,28.378500000000031]]]},"properties":{"OBJECTID":28,"OBJECTID_1":28,"PKDISTRICTID":"","DATASOURCE":"","CREATIONUSER":"","DATECREATED":"","DATEMODIFIED":"","LASTUSER":"","ArabicName":"مخطط مجمع الكليات","EnglishName":"College complex plan","FKREGIONID":"","FKGOVERNORATEID":"","FKAMANAID":"","DISTRICTNO":"","FKDISTRICTID":"","MunicipalityName":"al khafji","Shape_Length":0.23321683837733106,"Shape_Area":0.0017135249693496675}},{"type":"Feature","id":29,"geometry":{"type":"Polygon","coordinates":[[[48.492300000000057,28.432700001000057],[48.484000000000037,28.440300001000026],[48.483900000000062,28.440300001000026],[48.483600000000081,28.439999999000065],[48.478600000000029,28.435699999000065],[48.478600000000029,28.435600000000079],[48.486800000000073,28.427999999000065],[48.486900000000048,28.427999999000065],[48.492300000000057,28.432700001000057]]]},"properties":{"OBJECTID":29,"OBJECTID_1":29,"PKDISTRICTID":"","DATASOURCE":"","CREATIONUSER":"","DATECREATED":"","DATEMODIFIED":"","LASTUSER":"","ArabicName":"أملاك خاصة","EnglishName":"Private property","FKREGIONID":"","FKGOVERNORATEID":"","FKAMANAID":"","DISTRICTNO":"","FKDISTRICTID":"","MunicipalityName":"al khafji","Shape_Length":0.036912099949337036,"Shape_Area":8.0825007599718041e-05}},{"type":"Feature","id":30,"geometry":{"type":"Polygon","coordinates":[[[48.454800000000034,28.498900000000049],[48.45190000000008,28.473200001000066],[48.452000000000055,28.473200001000066],[48.475700000000074,28.471100001000025],[48.47500000000008,28.479499999000041],[48.474900000000048,28.480799999000055],[48.474800000000073,28.481100000000026],[48.470800000000054,28.488299999000049],[48.469500000000039,28.49059999900004],[48.469500000000039,28.49059999900004],[48.469500000000039,28.490800001000025],[48.469400000000064,28.490900001000057],[48.469300000000032,28.491000000000042],[48.469200000000058,28.491100000000074],[48.469100000000026,28.491300000000024],[48.469000000000051,28.491400000000056],[48.468900000000076,28.49150000000003],[48.468700000000069,28.491599999000073],[48.468600000000038,28.491699999000048],[48.468500000000063,28.491800001000058],[48.468300000000056,28.491900001000033],[48.468200000000081,28.492000001000065],[48.468100000000049,28.49210000000005],[48.454900000000066,28.498900000000049],[48.454800000000034,28.498900000000049]]]},"properties":{"OBJECTID":30,"OBJECTID_1":30,"PKDISTRICTID":"","DATASOURCE":"","CREATIONUSER":"","DATECREATED":"","DATEMODIFIED":"","LASTUSER":"","ArabicName":"مدينة الملك عبد العزيز","EnglishName":"King Abdul Aziz City","FKREGIONID":"","FKGOVERNORATEID":"","FKAMANAID":"","DISTRICTNO":"","FKDISTRICTID":"","MunicipalityName":"al khafji","Shape_Length":0.087775794921767764,"Shape_Area":0.00045476997450022541}},{"type":"Feature","id":31,"geometry":{"type":"MultiPolygon","coordinates":[[[[48.475700000000074,28.470699999000033],[48.45190000000008,28.472800000000063],[48.45190000000008,28.472800000000063],[48.450800000000072,28.46330000100005],[48.450800000000072,28.46330000100005],[48.450900000000047,28.46330000100005],[48.476600000000076,28.460999999000023],[48.475700000000074,28.470699999000033]]],[[[48.499500000000069,28.445599999000024],[48.499500000000069,28.446000000000026],[48.499500000000069,28.446500000000071],[48.499500000000069,28.446599999000057],[48.499600000000044,28.446799999000064],[48.499700000000075,28.447000001000049],[48.499700000000075,28.447200000000066],[48.499700000000075,28.447400000000073],[48.49980000000005,28.447600000000079],[48.49980000000005,28.44779999900004],[48.49980000000005,28.448000001000025],[48.49980000000005,28.448200000000043],[48.49980000000005,28.448400000000049],[48.49980000000005,28.448600000000056],[48.49980000000005,28.448799999000073],[48.49980000000005,28.448999999000023],[48.49980000000005,28.449100001000033],[48.49980000000005,28.449200001000065],[48.49980000000005,28.449300000000051],[48.499900000000025,28.449500000000057],[48.499900000000025,28.449600000000032],[48.500000000000057,28.449800000000039],[48.500000000000057,28.449899999000024],[48.500100000000032,28.449999999000056],[48.500200000000063,28.450200001000042],[48.500300000000038,28.450300001000073],[48.50040000000007,28.450400000000059],[48.500500000000045,28.450500000000034],[48.500600000000077,28.450600000000065],[48.500700000000052,28.45070000000004],[48.500800000000027,28.450800000000072],[48.500900000000058,28.450900000000047],[48.501000000000033,28.451099999000064],[48.501100000000065,28.451199999000039],[48.50120000000004,28.45130000100005],[48.501300000000072,28.451500000000067],[48.501400000000046,28.451600000000042],[48.501400000000046,28.451800000000048],[48.501500000000078,28.451900000000023],[48.501600000000053,28.45209999900004],[48.501600000000053,28.452199999000072],[48.501700000000028,28.452400001000058],[48.501700000000028,28.452500001000033],[48.501700000000028,28.45270000000005],[48.50180000000006,28.452800000000025],[48.50180000000006,28.453000000000031],[48.50180000000006,28.453199999000049],[48.50180000000006,28.453299999000023],[48.50180000000006,28.453500001000066],[48.50180000000006,28.453600001000041],[48.501700000000028,28.453800000000058],[48.501700000000028,28.454000000000065],[48.501700000000028,28.454100000000039],[48.501600000000053,28.454299999000057],[48.501600000000053,28.454399999000032],[48.501700000000028,28.455000000000041],[48.50180000000006,28.45560000100005],[48.502000000000066,28.456200000000024],[48.501900000000035,28.456300000000056],[48.501900000000035,28.456499999000073],[48.501900000000035,28.456599999000048],[48.501900000000035,28.456800001000033],[48.501900000000035,28.45700000000005],[48.501900000000035,28.457200000000057],[48.501900000000035,28.457300000000032],[48.501900000000035,28.457500000000039],[48.502000000000066,28.457699999000056],[48.502000000000066,28.457900001000041],[48.502000000000066,28.458100000000059],[48.502100000000041,28.458200000000033],[48.502100000000041,28.45840000000004],[48.502200000000073,28.458600000000047],[48.502300000000048,28.458799999000064],[48.502300000000048,28.458900001000075],[48.50240000000008,28.459100001000024],[48.502500000000055,28.459300000000042],[48.502600000000029,28.459500000000048],[48.502700000000061,28.459600000000023],[48.502800000000036,28.45979999900004],[48.502900000000068,28.460000001000026],[48.503100000000074,28.460100001000058],[48.503200000000049,28.460300000000075],[48.503300000000081,28.46040000000005],[48.503500000000031,28.460600000000056],[48.503500000000031,28.460600000000056],[48.500100000000032,28.460899999000048],[48.498900000000049,28.451500000000067],[48.498400000000061,28.445200000000057],[48.496200000000044,28.445400000000063],[48.496200000000044,28.445400000000063],[48.496800000000064,28.441800000000057],[48.498400000000061,28.442000000000064],[48.498500000000035,28.441800000000057],[48.499300000000062,28.441900000000032],[48.499300000000062,28.442199999000024],[48.499300000000062,28.442500001000042],[48.499300000000062,28.442900000000066],[48.499400000000037,28.443399999000064],[48.499400000000037,28.443800000000067],[48.499400000000037,28.444200000000023],[48.499400000000037,28.444700001000058],[48.499500000000069,28.445100000000025],[48.499500000000069,28.445599999000024]]]]},"properties":{"OBJECTID":31,"OBJECTID_1":31,"PKDISTRICTID":"","DATASOURCE":"","CREATIONUSER":"","DATECREATED":"","DATEMODIFIED":"","LASTUSER":"","ArabicName":"محطة المعالجة","EnglishName":"Treatment plant","FKREGIONID":"","FKGOVERNORATEID":"","FKAMANAID":"","DISTRICTNO":"","FKDISTRICTID":"","MunicipalityName":"al khafji","Shape_Length":0.11698820959193998,"Shape_Area":0.00027949998520041263}},{"type":"Feature","id":32,"geometry":{"type":"Polygon","coordinates":[[[48.440400000000068,28.407800000000066],[48.440100000000029,28.419399999000063],[48.402500000000032,28.45270000000005],[48.385400000000061,28.436799999000073],[48.41820000000007,28.40850000100005],[48.427000000000078,28.399599999000031],[48.440400000000068,28.407800000000066]]]},"properties":{"OBJECTID":32,"OBJECTID_1":32,"PKDISTRICTID":"","DATASOURCE":"","CREATIONUSER":"","DATECREATED":"","DATEMODIFIED":"","LASTUSER":"","ArabicName":"الحرس الوطني","EnglishName":"National Guard","FKREGIONID":"","FKGOVERNORATEID":"","FKAMANAID":"","DISTRICTNO":"","FKDISTRICTID":"","MunicipalityName":"al khafji","Shape_Length":0.15672691658416865,"Shape_Area":0.0012966449791991133}},{"type":"Feature","id":33,"geometry":{"type":"Polygon","coordinates":[[[48.513100000000065,28.343800001000034],[48.513600000000054,28.343800001000034],[48.516600000000039,28.357600000000048],[48.520800000000065,28.369200001000024],[48.522000000000048,28.37140000100004],[48.523900000000026,28.375700001000041],[48.526100000000042,28.381300000000067],[48.528300000000058,28.385900000000049],[48.530900000000031,28.39020000000005],[48.533000000000072,28.392700000000048],[48.534400000000062,28.394300001000033],[48.535300000000063,28.395300001000066],[48.53550000000007,28.395500001000073],[48.541900000000055,28.40080000100005],[48.543700000000058,28.404100001000074],[48.543600000000026,28.405099999000072],[48.543555636000065,28.40539979600004],[48.543504362000078,28.405698488000041],[48.543446206000056,28.405995918000031],[48.543381199000066,28.406291925000062],[48.543309376000082,28.406586353000023],[48.54323077500004,28.40687904400005],[48.543145438000067,28.407169843000077],[48.543053410000027,28.407458594000047],[48.542954741000074,28.407745143000056],[48.542849483000055,28.408029338000063],[48.54273769200006,28.408311028000071],[48.54261942800008,28.40859006200003],[48.542494754000074,28.408866291000038],[48.542363735000038,28.409139568000057],[48.54222644400005,28.40940974800003],[48.542082951000054,28.409676687000058],[48.541933334000078,28.409940241000072],[48.54177767200008,28.410200272000054],[48.541616049000027,28.410456639000074],[48.54144855100003,28.410709207000025],[48.54127526700006,28.410957841000027],[48.541096289000052,28.411202408000065],[48.540911712000081,28.411442778000037],[48.540721636000058,28.411678823000045],[48.540526161000059,28.411910417000058],[48.540325391000067,28.412137437000069],[48.540119434000076,28.412359761000062],[48.539908400000058,28.412577271000032],[48.539692400000035,28.41278985100007],[48.53947155000003,28.412997388000065],[48.539245968000046,28.413199772000041],[48.539015774000063,28.413396893000026],[48.538781091000033,28.413588648000029],[48.538542043000064,28.41377493400006],[48.538298759000043,28.413955652000027],[48.538051367000037,28.414130705000048],[48.537800000000061,28.414300000000026],[48.537013389000037,28.415217144000053],[48.533375829000079,28.416089644000067],[48.531886783000061,28.416408126000078],[48.530069052000044,28.416857378000032],[48.529700000000048,28.416999999000041],[48.529300000000035,28.416700000000048],[48.52920000000006,28.415999999000064],[48.525700000000029,28.413799999000048],[48.524100000000033,28.413699999000073],[48.521600000000035,28.412100000000066],[48.521300000000053,28.412400000000048],[48.520600000000059,28.411900001000049],[48.520600000000059,28.411599999000032],[48.519100000000037,28.410300000000063],[48.517000000000053,28.407299999000031],[48.517000000000053,28.407099999000025],[48.51520000000005,28.402600000000064],[48.513000000000034,28.395800000000065],[48.508000000000038,28.387399999000024],[48.512400000000071,28.379500000000064],[48.503100000000074,28.353800001000025],[48.511100000000056,28.34400000100004],[48.513100000000065,28.343800001000034]]]},"properties":{"OBJECTID":33,"OBJECTID_1":33,"PKDISTRICTID":"","DATASOURCE":"","CREATIONUSER":"","DATECREATED":"","DATEMODIFIED":"","LASTUSER":"","ArabicName":"شركة أرامكو","EnglishName":" Aramco","FKREGIONID":"","FKGOVERNORATEID":"","FKAMANAID":"","DISTRICTNO":"","FKDISTRICTID":"","MunicipalityName":"al khafji","Shape_Length":0.18050003900541278,"Shape_Area":0.001175214964615255}},{"type":"Feature","id":34,"geometry":{"type":"Polygon","coordinates":[[[48.483800000000031,28.424799999000072],[48.483600000000081,28.424600000000055],[48.478500000000054,28.420299999000065],[48.483900000000062,28.420600001000025],[48.483900000000062,28.420600001000025],[48.484000000000037,28.420600001000025],[48.484700000000032,28.420600001000025],[48.484900000000039,28.420600001000025],[48.485300000000052,28.420600001000025],[48.486300000000028,28.420700001000057],[48.486800000000073,28.420700001000057],[48.487300000000062,28.420700001000057],[48.487400000000036,28.420700001000057],[48.489800000000059,28.420900000000074],[48.490000000000066,28.420900000000074],[48.490500000000054,28.420900000000074],[48.490700000000061,28.420900000000074],[48.490800000000036,28.420900000000074],[48.491400000000056,28.421000000000049],[48.491700000000037,28.421000000000049],[48.493300000000033,28.421100000000024],[48.493400000000065,28.421100000000024],[48.49470000000008,28.421100000000024],[48.494800000000055,28.421100000000024],[48.495300000000043,28.421200000000056],[48.495400000000075,28.421200000000056],[48.495300000000043,28.422900001000073],[48.495300000000043,28.423000000000059],[48.495200000000068,28.42469999900004],[48.495100000000036,28.425000001000058],[48.495100000000036,28.425600000000031],[48.495100000000036,28.425799999000049],[48.495100000000036,28.425899999000023],[48.495100000000036,28.426800000000071],[48.495100000000036,28.427700000000073],[48.495200000000068,28.42809999900004],[48.495200000000068,28.428400001000057],[48.495200000000068,28.428600000000074],[48.495300000000043,28.430100000000039],[48.495300000000043,28.430199999000024],[48.495400000000075,28.431700001000024],[48.495400000000075,28.431800000000067],[48.495400000000075,28.432100000000048],[48.495400000000075,28.432200000000023],[48.495300000000043,28.432300000000055],[48.495300000000043,28.43239999900004],[48.495300000000043,28.432499999000072],[48.495200000000068,28.432499999000072],[48.495200000000068,28.432600001000026],[48.495100000000036,28.432700001000057],[48.495100000000036,28.432800001000032],[48.495000000000061,28.432900000000075],[48.49490000000003,28.432900000000075],[48.494800000000055,28.43300000000005],[48.49470000000008,28.433100000000024],[48.494600000000048,28.433100000000024],[48.494500000000073,28.433200000000056],[48.494400000000041,28.433300000000031],[48.494300000000067,28.433300000000031],[48.494200000000035,28.433300000000031],[48.49410000000006,28.433400000000063],[48.49410000000006,28.433400000000063],[48.494000000000028,28.433400000000063],[48.493900000000053,28.433400000000063],[48.493800000000078,28.433300000000031],[48.493800000000078,28.433300000000031],[48.493700000000047,28.433300000000031],[48.493700000000047,28.433300000000031],[48.493600000000072,28.433200000000056],[48.49350000000004,28.433200000000056],[48.49350000000004,28.433100000000024],[48.491400000000056,28.431399999000064],[48.491200000000049,28.431100000000072],[48.490800000000036,28.430800000000033],[48.490700000000061,28.430800000000033],[48.489200000000039,28.429500001000065],[48.489000000000033,28.429300001000058],[48.488600000000076,28.428900000000056],[48.488500000000045,28.428800000000024],[48.488300000000038,28.428700000000049],[48.486900000000048,28.427500000000066],[48.486900000000048,28.427500000000066],[48.486300000000028,28.426999999000031],[48.485900000000072,28.426700000000039],[48.484600000000057,28.425500000000056],[48.484300000000076,28.42530000000005],[48.483800000000031,28.424799999000072]]]},"properties":{"OBJECTID":34,"OBJECTID_1":34,"PKDISTRICTID":"","DATASOURCE":"","CREATIONUSER":"","DATECREATED":"","DATEMODIFIED":"","LASTUSER":"","ArabicName":"الجوهرة","EnglishName":"JAWRAH","FKREGIONID":"","FKGOVERNORATEID":"","FKAMANAID":"","DISTRICTNO":"","FKDISTRICTID":"","MunicipalityName":"al khafji","Shape_Length":0.05057457984114673,"Shape_Area":0.0001114549920000607}},{"type":"Feature","id":35,"geometry":{"type":"Polygon","coordinates":[[[48.501900000000035,28.435699999000065],[48.501900000000035,28.435699999000065],[48.501700000000028,28.436000001000025],[48.501500000000078,28.436200000000042],[48.501300000000072,28.436500000000024],[48.50120000000004,28.436699999000041],[48.501000000000033,28.437000001000058],[48.500800000000027,28.43730000000005],[48.500700000000052,28.437500000000057],[48.500500000000045,28.437799999000049],[48.50040000000007,28.438100001000066],[48.500300000000038,28.438400000000058],[48.500100000000032,28.438600000000065],[48.500000000000057,28.438899999000057],[48.499900000000025,28.439200001000074],[48.49980000000005,28.439500000000066],[48.499700000000075,28.439800000000048],[48.499600000000044,28.44009999900004],[48.499600000000044,28.440400001000057],[48.499500000000069,28.440700000000049],[48.499400000000037,28.441000000000031],[48.499400000000037,28.441199999000048],[48.499300000000062,28.441500001000065],[48.499300000000062,28.441900000000032],[48.498500000000035,28.441800000000057],[48.497000000000071,28.441600000000051],[48.497600000000034,28.438999999000032],[48.498000000000047,28.437100001000033],[48.498300000000029,28.436600000000055],[48.498600000000067,28.435699999000065],[48.499100000000055,28.434800001000042],[48.499400000000037,28.434100000000058],[48.499400000000037,28.434100000000058],[48.50120000000004,28.435300000000041],[48.501900000000035,28.435699999000065]]]},"properties":{"OBJECTID":35,"OBJECTID_1":35,"PKDISTRICTID":"","DATASOURCE":"","CREATIONUSER":"","DATECREATED":"","DATEMODIFIED":"","LASTUSER":"","ArabicName":"برج المياه","EnglishName":"Water tower","FKREGIONID":"","FKGOVERNORATEID":"","FKAMANAID":"","DISTRICTNO":"","FKDISTRICTID":"","MunicipalityName":"al khafji","Shape_Length":0.020099910146609331,"Shape_Area":1.8120000599997302e-05}},{"type":"Feature","id":36,"geometry":{"type":"Polygon","coordinates":[[[48.512700000000052,28.415999999000064],[48.510700000000043,28.417199999000047],[48.510600000000068,28.417199999000047],[48.508700000000033,28.414600000000064],[48.510700000000043,28.413400000000024],[48.512700000000052,28.415999999000064]]]},"properties":{"OBJECTID":36,"OBJECTID_1":36,"PKDISTRICTID":"","DATASOURCE":"","CREATIONUSER":"","DATECREATED":"","DATEMODIFIED":"","LASTUSER":"","ArabicName":"بدون اسم","EnglishName":"Without name","FKREGIONID":"","FKGOVERNORATEID":"","FKAMANAID":"","DISTRICTNO":"","FKDISTRICTID":"","MunicipalityName":"al khafji","Shape_Length":0.011265252246900972,"Shape_Area":7.7299979500488866e-06}},{"type":"Feature","id":37,"geometry":{"type":"Polygon","coordinates":[[[48.483700000000056,28.486800000000073],[48.483700000000056,28.486800000000073],[48.483800000000031,28.486600000000067],[48.483900000000062,28.48640000100005],[48.483900000000062,28.486199999000064],[48.484000000000037,28.486000000000047],[48.484100000000069,28.48580000000004],[48.484100000000069,28.485600000000034],[48.484200000000044,28.485400001000073],[48.484300000000076,28.485200001000067],[48.484300000000076,28.484999999000024],[48.484300000000076,28.484800000000064],[48.484400000000051,28.484700000000032],[48.484400000000051,28.484500000000025],[48.484500000000025,28.483100001000025],[48.484500000000025,28.48289999900004],[48.484700000000032,28.480200000000025],[48.490100000000041,28.480599999000049],[48.490500000000054,28.480599999000049],[48.494400000000041,28.480900001000066],[48.494500000000073,28.480900001000066],[48.494500000000073,28.482700000000079],[48.494600000000048,28.484400000000051],[48.494600000000048,28.484700000000032],[48.494600000000048,28.485500000000059],[48.494600000000048,28.486000000000047],[48.494600000000048,28.486199999000064],[48.494600000000048,28.486300001000075],[48.494600000000048,28.486600000000067],[48.494600000000048,28.486800000000073],[48.494500000000073,28.487000000000023],[48.494500000000073,28.48719999900004],[48.494400000000041,28.487500001000058],[48.494400000000041,28.487700000000075],[48.494300000000067,28.487900000000025],[48.494300000000067,28.488100000000031],[48.494200000000035,28.488299999000049],[48.49410000000006,28.488500001000034],[48.49410000000006,28.488600001000066],[48.494000000000028,28.488700001000041],[48.494000000000028,28.488900000000058],[48.493900000000053,28.489000000000033],[48.493800000000078,28.489100000000064],[48.493700000000047,28.489300000000071],[48.493600000000072,28.489499999000031],[48.49350000000004,28.489700001000074],[48.493400000000065,28.489900000000034],[48.493300000000033,28.489900000000034],[48.489100000000064,28.488600001000066],[48.488700000000051,28.488399999000023],[48.483700000000056,28.486800000000073]]]},"properties":{"OBJECTID":37,"OBJECTID_1":37,"PKDISTRICTID":"","DATASOURCE":"","CREATIONUSER":"","DATECREATED":"","DATEMODIFIED":"","LASTUSER":"","ArabicName":"الفيصلية","EnglishName":" FAISALIYAH","FKREGIONID":"","FKGOVERNORATEID":"","FKAMANAID":"","DISTRICTNO":"","FKDISTRICTID":"","MunicipalityName":"al khafji","Shape_Length":0.036146191715939212,"Shape_Area":8.1035002550146345e-05}},{"type":"Feature","id":38,"geometry":{"type":"Polygon","coordinates":[[[48.468300000000056,28.412000000000035],[48.462400000000059,28.417300001000058],[48.459900000000061,28.419600001000049],[48.455400000000054,28.415800000000047],[48.451400000000035,28.412400000000048],[48.459900000000061,28.404700000000048],[48.468300000000056,28.412000000000035]]]},"properties":{"OBJECTID":38,"OBJECTID_1":38,"PKDISTRICTID":"","DATASOURCE":"","CREATIONUSER":"","DATECREATED":"","DATEMODIFIED":"","LASTUSER":"","ArabicName":"اليرموك","EnglishName":"YARMOK","FKREGIONID":"","FKGOVERNORATEID":"","FKAMANAID":"","DISTRICTNO":"","FKDISTRICTID":"","MunicipalityName":"al khafji","Shape_Length":0.045065474895944556,"Shape_Area":0.00012579500770018735}},{"type":"Feature","id":39,"geometry":{"type":"Polygon","coordinates":[[[48.474000000000046,28.432600001000026],[48.475900000000081,28.434300000000064],[48.477200000000039,28.435600000000079],[48.477600000000052,28.436000001000025],[48.481600000000071,28.439500000000066],[48.482300000000066,28.440700000000049],[48.482500000000073,28.441299999000023],[48.482500000000073,28.443299999000033],[48.482400000000041,28.444100000000049],[48.481700000000046,28.448200000000043],[48.480000000000075,28.45270000000005],[48.478000000000065,28.457900001000041],[48.477900000000034,28.458100000000059],[48.477300000000071,28.459700000000055],[48.477100000000064,28.460000001000026],[48.477000000000032,28.460300000000075],[48.476700000000051,28.460500000000025],[48.476500000000044,28.460700000000031],[48.476200000000063,28.460800000000063],[48.475700000000074,28.460899999000048],[48.473700000000065,28.460899999000048],[48.472500000000082,28.460899999000048],[48.46730000000008,28.461400000000026],[48.466000000000065,28.461500000000058],[48.462300000000027,28.461800000000039],[48.460900000000038,28.461999999000057],[48.453200000000038,28.462600000000066],[48.443900000000042,28.463500001000057],[48.442200000000071,28.463600000000042],[48.441800000000057,28.46330000100005],[48.441700000000026,28.462900000000047],[48.441800000000057,28.462200001000042],[48.442600000000027,28.454200000000071],[48.442700000000059,28.449400000000026],[48.443200000000047,28.448999999000023],[48.447500000000048,28.445100000000025],[48.45270000000005,28.44009999900004],[48.45760000000007,28.435400000000072],[48.459300000000042,28.433800001000066],[48.462600000000066,28.430600001000073],[48.463600000000042,28.429700000000025],[48.464000000000055,28.429400001000033],[48.464000000000055,28.429400001000033],[48.46410000000003,28.429300001000058],[48.466800000000035,28.426800000000071],[48.466900000000066,28.426700000000039],[48.470100000000059,28.429199999000048],[48.474000000000046,28.432600001000026]]]},"properties":{"OBJECTID":39,"OBJECTID_1":39,"PKDISTRICTID":"","DATASOURCE":"","CREATIONUSER":"","DATECREATED":"","DATEMODIFIED":"","LASTUSER":"","ArabicName":"غرناطه","EnglishName":"GHARNATAH ","FKREGIONID":"","FKGOVERNORATEID":"","FKAMANAID":"","DISTRICTNO":"","FKDISTRICTID":"","MunicipalityName":"al khafji","Shape_Length":0.12422370097254258,"Shape_Area":0.00098403499555062128}},{"type":"Feature","id":40,"geometry":{"type":"Polygon","coordinates":[[[48.490700000000061,28.412300000000073],[48.490300000000047,28.412300000000073],[48.489600000000053,28.412400000000048],[48.488800000000026,28.412500000000023],[48.486600000000067,28.412799999000072],[48.486000000000047,28.412799999000072],[48.48580000000004,28.412900001000025],[48.485500000000059,28.412900001000025],[48.485400000000027,28.412799999000072],[48.485200000000077,28.41269999900004],[48.485100000000045,28.412599999000065],[48.483400000000074,28.410499999000024],[48.482000000000028,28.408700000000067],[48.480600000000038,28.406900000000064],[48.478000000000065,28.403500000000065],[48.47810000000004,28.403400000000033],[48.482300000000066,28.403100001000041],[48.486000000000047,28.403300000000058],[48.489300000000071,28.403500000000065],[48.489500000000078,28.403500000000065],[48.489900000000034,28.403500000000065],[48.490300000000047,28.403500000000065],[48.491700000000037,28.40360000000004],[48.491800000000069,28.403700000000072],[48.491800000000069,28.403999999000064],[48.491800000000069,28.404300001000024],[48.491800000000069,28.404600000000073],[48.491700000000037,28.404899999000065],[48.491700000000037,28.405200001000026],[48.491700000000037,28.405400001000032],[48.491600000000062,28.407000000000039],[48.491600000000062,28.407099999000025],[48.49150000000003,28.408700000000067],[48.491400000000056,28.409100000000024],[48.491400000000056,28.409399999000073],[48.491400000000056,28.409700001000033],[48.491400000000056,28.40990000000005],[48.491400000000056,28.410200000000032],[48.491300000000081,28.411200000000065],[48.491200000000049,28.412200000000041],[48.491200000000049,28.412300000000073],[48.490900000000067,28.412300000000073],[48.490700000000061,28.412300000000073]]]},"properties":{"OBJECTID":40,"OBJECTID_1":40,"PKDISTRICTID":"","DATASOURCE":"","CREATIONUSER":"","DATECREATED":"","DATEMODIFIED":"","LASTUSER":"","ArabicName":"النهضة","EnglishName":" NAHDA ","FKREGIONID":"","FKGOVERNORATEID":"","FKAMANAID":"","DISTRICTNO":"","FKDISTRICTID":"","MunicipalityName":"al khafji","Shape_Length":0.040359814461184279,"Shape_Area":9.3364991900099894e-05}},{"type":"Feature","id":41,"geometry":{"type":"Polygon","coordinates":[[[48.465200000000038,28.494400000000041],[48.467900000000043,28.49840000100005],[48.468200000000081,28.498600001000057],[48.468400000000031,28.498800000000074],[48.468800000000044,28.499100000000055],[48.469300000000032,28.499299999000073],[48.469700000000046,28.499500001000058],[48.470000000000027,28.499600001000033],[48.470100000000059,28.49980000000005],[48.470100000000059,28.49980000000005],[48.470100000000059,28.499900000000025],[48.470100000000059,28.500100000000032],[48.470100000000059,28.500100000000032],[48.470200000000034,28.500200000000063],[48.470100000000059,28.500200000000063],[48.470200000000034,28.500399999000024],[48.470200000000034,28.500499999000056],[48.469900000000052,28.500700001000041],[48.469700000000046,28.501000000000033],[48.469200000000058,28.501399999000057],[48.468800000000044,28.501700001000074],[48.468500000000063,28.501800001000049],[48.468300000000056,28.501900000000035],[48.468000000000075,28.502000000000066],[48.465400000000045,28.503500000000031],[48.463500000000067,28.504400000000032],[48.462500000000034,28.504699999000024],[48.461500000000058,28.505000001000042],[48.46040000000005,28.505100001000073],[48.460200000000043,28.504799999000056],[48.459900000000061,28.504000001000065],[48.458900000000028,28.501300000000072],[48.457700000000045,28.498100000000079],[48.465200000000038,28.494400000000041]]]},"properties":{"OBJECTID":41,"OBJECTID_1":49,"PKDISTRICTID":"","DATASOURCE":"","CREATIONUSER":"","DATECREATED":"","DATEMODIFIED":"","LASTUSER":"","ArabicName":"حكومي","EnglishName":"governmental","FKREGIONID":"","FKGOVERNORATEID":"","FKAMANAID":"","DISTRICTNO":"","FKDISTRICTID":"","MunicipalityName":"al khafji","Shape_Length":0.035248897357723505,"Shape_Area":7.7014999549968014e-05}},{"type":"Feature","id":42,"geometry":{"type":"Polygon","coordinates":[[[48.50550000000004,28.412799999000072],[48.50550000000004,28.412500000000023],[48.50550000000004,28.411400000000071],[48.50550000000004,28.410900000000026],[48.50550000000004,28.404400000000066],[48.50550000000004,28.404300001000024],[48.508400000000051,28.404300001000024],[48.508500000000026,28.404300001000024],[48.508600000000058,28.404400000000066],[48.509000000000071,28.406400001000065],[48.509800000000041,28.409299999000041],[48.510000000000048,28.410200000000032],[48.510400000000061,28.412100000000066],[48.510600000000068,28.412900001000025],[48.510800000000074,28.413400000000024],[48.510900000000049,28.413500000000056],[48.512700000000052,28.415999999000064],[48.512200000000064,28.416400000000067],[48.510600000000068,28.417199999000047],[48.509900000000073,28.416400000000067],[48.509300000000053,28.415400000000034],[48.508600000000058,28.414600000000064],[48.508200000000045,28.414000001000034],[48.507700000000057,28.413500000000056],[48.50750000000005,28.413400000000024],[48.507200000000068,28.413200000000074],[48.507000000000062,28.413100000000043],[48.506800000000055,28.413100000000043],[48.506600000000049,28.413000001000057],[48.506200000000035,28.412900001000025],[48.505600000000072,28.412799999000072],[48.505600000000072,28.412799999000072],[48.50550000000004,28.412799999000072]]]},"properties":{"OBJECTID":42,"OBJECTID_1":50,"PKDISTRICTID":"","DATASOURCE":"","CREATIONUSER":"","DATECREATED":"","DATEMODIFIED":"","LASTUSER":"","ArabicName":"المقاولين","EnglishName":"MOQAWILIN ","FKREGIONID":"","FKGOVERNORATEID":"","FKAMANAID":"","DISTRICTNO":"","FKDISTRICTID":"","MunicipalityName":"al khafji","Shape_Length":0.033639658958164287,"Shape_Area":4.6874997000210782e-05}},{"type":"Feature","id":43,"geometry":{"type":"Polygon","coordinates":[[[48.497000000000071,28.403800000000047],[48.497500000000059,28.403800000000047],[48.498600000000067,28.403899999000032],[48.500600000000077,28.403999999000064],[48.501300000000072,28.403999999000064],[48.503600000000063,28.404200001000049],[48.505300000000034,28.404300001000024],[48.505300000000034,28.408800000000042],[48.505300000000034,28.41130000000004],[48.505300000000034,28.412400000000048],[48.505300000000034,28.413100000000043],[48.50550000000004,28.413100000000043],[48.506500000000074,28.413200000000074],[48.507300000000043,28.413600000000031],[48.507900000000063,28.414100001000065],[48.508500000000026,28.414899999000056],[48.510500000000036,28.41760000000005],[48.511100000000056,28.418400001000066],[48.511100000000056,28.418500001000041],[48.511100000000056,28.418600000000026],[48.508500000000026,28.420000000000073],[48.50810000000007,28.420200000000079],[48.507900000000063,28.420299999000065],[48.507800000000032,28.420200000000079],[48.507600000000082,28.420100000000048],[48.50610000000006,28.418000000000063],[48.505600000000072,28.417400001000033],[48.50550000000004,28.417199999000047],[48.50550000000004,28.417099999000072],[48.50550000000004,28.416900000000055],[48.50550000000004,28.416700000000048],[48.505300000000034,28.416600000000074],[48.505200000000059,28.416600000000074],[48.505100000000027,28.416600000000074],[48.504600000000039,28.416800000000023],[48.499500000000069,28.416400000000067],[48.497100000000046,28.416300001000025],[48.496100000000069,28.41620000100005],[48.496300000000076,28.413899999000023],[48.496300000000076,28.412300000000073],[48.496600000000058,28.408399999000039],[48.496900000000039,28.403899999000032],[48.497000000000071,28.403800000000047]]]},"properties":{"OBJECTID":43,"OBJECTID_1":51,"PKDISTRICTID":"","DATASOURCE":"","CREATIONUSER":"","DATECREATED":"","DATEMODIFIED":"","LASTUSER":"","ArabicName":"الصناعية الاولي","EnglishName":" SINAIA'T AL'UWLAA ","FKREGIONID":"","FKGOVERNORATEID":"","FKAMANAID":"","DISTRICTNO":"","FKDISTRICTID":"","MunicipalityName":"al khafji","Shape_Length":0.055589759520569097,"Shape_Area":0.00013399500474957211}},{"type":"Feature","id":44,"geometry":{"type":"Polygon","coordinates":[[[48.496900000000039,28.403500000000065],[48.496900000000039,28.403200001000073],[48.497000000000071,28.402700000000038],[48.497200000000078,28.399800001000074],[48.497600000000034,28.394300001000033],[48.507900000000063,28.394900000000064],[48.508600000000058,28.404100001000074],[48.501900000000035,28.403899999000032],[48.49920000000003,28.403800000000047],[48.49920000000003,28.403800000000047],[48.497000000000071,28.403500000000065],[48.496900000000039,28.403500000000065]]]},"properties":{"OBJECTID":44,"OBJECTID_1":52,"PKDISTRICTID":"","DATASOURCE":"","CREATIONUSER":"","DATECREATED":"","DATEMODIFIED":"","LASTUSER":"","ArabicName":"الصناعية الثانية","EnglishName":"SECOND INDUSTRIAL ","FKREGIONID":"","FKGOVERNORATEID":"","FKAMANAID":"","DISTRICTNO":"","FKDISTRICTID":"","MunicipalityName":"al khafji","Shape_Length":0.040500565428164076,"Shape_Area":0.00010217999260000416}},{"type":"Feature","id":46,"geometry":{"type":"Polygon","coordinates":[[[48.444800000000043,28.380899999000064],[48.444600000000037,28.381500000000074],[48.444500000000062,28.381899999000041],[48.44440000000003,28.382200001000058],[48.444300000000055,28.382600000000025],[48.444300000000055,28.384000000000071],[48.44440000000003,28.384400001000074],[48.444500000000062,28.38529999900004],[48.444500000000062,28.385900000000049],[48.444600000000037,28.386399999000048],[48.444700000000068,28.387000000000057],[48.444900000000075,28.387900000000059],[48.445100000000082,28.388599999000064],[48.445300000000032,28.389200000000073],[48.44560000000007,28.390000001000033],[48.445900000000051,28.390699999000049],[48.446300000000065,28.391300000000058],[48.446700000000078,28.392100001000074],[48.447400000000073,28.393200001000025],[48.447600000000079,28.393400000000042],[48.447600000000079,28.393400000000042],[48.447800000000029,28.393600000000049],[48.447800000000029,28.393700000000024],[48.448000000000036,28.393999999000073],[48.448400000000049,28.394400001000065],[48.448700000000031,28.394700000000057],[48.449000000000069,28.395099999000024],[48.449600000000032,28.395800000000065],[48.453100000000063,28.398800001000041],[48.453200000000038,28.399000000000058],[48.45330000000007,28.399100000000033],[48.453400000000045,28.399200000000064],[48.453700000000026,28.399499999000057],[48.453800000000058,28.399499999000057],[48.45980000000003,28.404700000000048],[48.45980000000003,28.404899999000065],[48.45960000000008,28.40499999900004],[48.454100000000039,28.410000000000025],[48.453800000000058,28.409800000000075],[48.447600000000079,28.404700000000048],[48.443900000000042,28.401699999000073],[48.44300000000004,28.401000001000057],[48.442600000000027,28.396700000000067],[48.442200000000071,28.393500000000074],[48.441900000000032,28.390600000000063],[48.441800000000057,28.389799999000047],[48.441700000000026,28.388300000000072],[48.441500000000076,28.385900000000049],[48.441500000000076,28.385500001000025],[48.441500000000076,28.385000000000048],[48.441500000000076,28.384000000000071],[48.441500000000076,28.383600000000058],[48.441500000000076,28.383300001000066],[48.441500000000076,28.383300001000066],[48.441600000000051,28.382999999000049],[48.441600000000051,28.382700000000057],[48.441700000000026,28.38250000000005],[48.441800000000057,28.382099999000047],[48.441900000000032,28.381899999000041],[48.442000000000064,28.381700000000023],[48.442200000000071,28.381400000000042],[48.442400000000077,28.38110000100005],[48.442700000000059,28.380899999000064],[48.442700000000059,28.38050000000004],[48.44300000000004,28.379699999000024],[48.443200000000047,28.379300000000057],[48.443500000000029,28.378900001000034],[48.443700000000035,28.378599999000073],[48.444300000000055,28.378200000000049],[48.445100000000082,28.378100000000074],[48.447200000000066,28.378400000000056],[48.449600000000032,28.378500000000031],[48.449800000000039,28.378900001000034],[48.449800000000039,28.378900001000034],[48.449900000000071,28.378900001000034],[48.449900000000071,28.379000001000065],[48.449900000000071,28.379100000000051],[48.449700000000064,28.379100000000051],[48.449500000000057,28.379200000000026],[48.449000000000069,28.379200000000026],[48.448400000000049,28.379100000000051],[48.447600000000079,28.379000001000065],[48.44500000000005,28.378799999000023],[48.444800000000043,28.380899999000064]]]},"properties":{"OBJECTID":46,"OBJECTID_1":54,"PKDISTRICTID":"","DATASOURCE":"","CREATIONUSER":"","DATECREATED":"","DATEMODIFIED":"","LASTUSER":"","ArabicName":"الحرس الوطني","EnglishName":"National Guard","FKREGIONID":"","FKGOVERNORATEID":"","FKAMANAID":"","DISTRICTNO":"","FKDISTRICTID":"","MunicipalityName":"al khafji","Shape_Length":0.089167617261448298,"Shape_Area":0.00019488999684994415}},{"type":"Feature","id":47,"geometry":{"type":"Polygon","coordinates":[[[48.507900000000063,28.394900000000064],[48.497600000000034,28.394300001000033],[48.496600000000058,28.403899999000032],[48.491700000000037,28.40360000000004],[48.482300000000066,28.403100001000041],[48.478000000000065,28.403500000000065],[48.477000000000032,28.403000001000066],[48.463400000000036,28.391799999000057],[48.459200000000067,28.388300000000072],[48.454500000000053,28.380899999000064],[48.455400000000054,28.380799999000033],[48.469500000000039,28.381500000000074],[48.469000000000051,28.382200001000058],[48.469200000000058,28.383400001000041],[48.468800000000044,28.384900000000073],[48.469200000000058,28.386600001000033],[48.470400000000041,28.388499999000032],[48.470700000000079,28.389699999000072],[48.471700000000055,28.390300000000025],[48.472300000000075,28.391200000000026],[48.472900000000038,28.391899999000032],[48.473700000000065,28.391700000000071],[48.474800000000073,28.392400000000066],[48.47810000000004,28.396299999000064],[48.481000000000051,28.397000000000048],[48.483000000000061,28.397399999000072],[48.485200000000077,28.396900000000073],[48.485900000000072,28.396199999000032],[48.486500000000035,28.395700000000033],[48.486700000000042,28.395099999000024],[48.486100000000079,28.393400000000042],[48.484900000000039,28.392200001000049],[48.483300000000042,28.391300000000058],[48.481200000000058,28.390500000000031],[48.479100000000074,28.389699999000072],[48.476900000000057,28.388000000000034],[48.477200000000039,28.387700001000042],[48.476200000000063,28.387300000000039],[48.476200000000063,28.386900000000026],[48.476600000000076,28.386900000000026],[48.47870000000006,28.387800001000073],[48.479800000000068,28.388000000000034],[48.480300000000057,28.387700001000042],[48.480400000000031,28.386900000000026],[48.480600000000038,28.386299999000073],[48.481700000000046,28.386499999000023],[48.482600000000048,28.386299999000073],[48.483500000000049,28.385900000000049],[48.484200000000044,28.385800000000074],[48.485500000000059,28.386800000000051],[48.48720000000003,28.39020000000005],[48.48780000000005,28.390600000000063],[48.488000000000056,28.390699999000049],[48.489400000000046,28.391200000000026],[48.490600000000029,28.391500000000065],[48.491100000000074,28.391300000000058],[48.491300000000081,28.391200000000026],[48.49210000000005,28.391000001000066],[48.493000000000052,28.390900001000034],[48.493600000000072,28.390600000000063],[48.495100000000036,28.390500000000031],[48.496200000000044,28.390900001000034],[48.496700000000033,28.390900001000034],[48.497300000000052,28.390900001000034],[48.500000000000057,28.390600000000063],[48.502200000000073,28.390100000000075],[48.503000000000043,28.389799999000047],[48.503900000000044,28.389500000000055],[48.504900000000077,28.389400000000023],[48.50550000000004,28.390000001000033],[48.50610000000006,28.390100000000075],[48.506400000000042,28.39020000000005],[48.507100000000037,28.390699999000049],[48.508500000000026,28.392000001000042],[48.50890000000004,28.392400000000066],[48.509000000000071,28.392899999000065],[48.508600000000058,28.394099999000048],[48.508500000000026,28.394900000000064],[48.507900000000063,28.394900000000064]]]},"properties":{"OBJECTID":47,"OBJECTID_1":55,"PKDISTRICTID":"","DATASOURCE":"","CREATIONUSER":"","DATECREATED":"","DATEMODIFIED":"","LASTUSER":"","ArabicName":"","EnglishName":"governmental","FKREGIONID":"","FKGOVERNORATEID":"","FKAMANAID":"","DISTRICTNO":"","FKDISTRICTID":"","MunicipalityName":"al khafji","Shape_Length":0.17173843192305527,"Shape_Area":0.00047928501720005147}},{"type":"Feature","id":48,"geometry":{"type":"Polygon","coordinates":[[[48.432500000000061,28.459300000000042],[48.441800000000057,28.450600000000065],[48.441400000000044,28.456900001000065],[48.440500000000043,28.457699999000056],[48.435700000000054,28.461999999000057],[48.432500000000061,28.459300000000042]]]},"properties":{"OBJECTID":48,"OBJECTID_1":56,"PKDISTRICTID":"","DATASOURCE":"","CREATIONUSER":"","DATECREATED":"","DATEMODIFIED":"","LASTUSER":"","ArabicName":"بدون اسم","EnglishName":"Without a name","FKREGIONID":"","FKGOVERNORATEID":"","FKAMANAID":"","DISTRICTNO":"","FKDISTRICTID":"","MunicipalityName":"al khafji","Shape_Length":0.030883096966532624,"Shape_Area":4.3394993799899888e-05}},{"type":"Feature","id":49,"geometry":{"type":"Polygon","coordinates":[[[48.439600000000041,28.458699999000032],[48.440800000000081,28.457599999000024],[48.441300000000069,28.457200000000057],[48.441300000000069,28.457200000000057],[48.441300000000069,28.457900001000041],[48.441200000000038,28.458500000000072],[48.441200000000038,28.459200000000067],[48.441100000000063,28.460300000000075],[48.440300000000036,28.465900000000033],[48.435900000000061,28.462200001000042],[48.439600000000041,28.458699999000032]]]},"properties":{"OBJECTID":49,"OBJECTID_1":57,"PKDISTRICTID":"","DATASOURCE":"","CREATIONUSER":"","DATECREATED":"","DATEMODIFIED":"","LASTUSER":"","ArabicName":"بدون اسم","EnglishName":"Without a name","FKREGIONID":"","FKGOVERNORATEID":"","FKAMANAID":"","DISTRICTNO":"","FKDISTRICTID":"","MunicipalityName":"al khafji","Shape_Length":0.021879906779282622,"Shape_Area":2.1950003700014167e-05}},{"type":"Feature","id":50,"geometry":{"type":"Polygon","coordinates":[[[48.465600000000052,28.494200001000024],[48.465800000000058,28.494100001000049],[48.46610000000004,28.493899999000064],[48.466900000000066,28.49350000000004],[48.468100000000049,28.492799999000056],[48.468900000000076,28.492300000000057],[48.469700000000046,28.49150000000003],[48.470600000000047,28.490100000000041],[48.471500000000049,28.488399999000023],[48.47180000000003,28.488600001000066],[48.472300000000075,28.488800000000026],[48.472700000000032,28.489000000000033],[48.47300000000007,28.489100000000064],[48.473400000000026,28.489300000000071],[48.47380000000004,28.489600001000042],[48.474700000000041,28.490200000000073],[48.475900000000081,28.491100000000074],[48.477800000000059,28.492500000000064],[48.472700000000032,28.497900000000072],[48.47160000000008,28.498900000000049],[48.471500000000049,28.499100000000055],[48.471300000000042,28.499100000000055],[48.471100000000035,28.499100000000055],[48.470700000000079,28.499100000000055],[48.470500000000072,28.499199999000041],[48.470200000000034,28.499199999000041],[48.470200000000034,28.499199999000041],[48.470000000000027,28.499199999000041],[48.469700000000046,28.499100000000055],[48.468900000000076,28.498800000000074],[48.468300000000056,28.498299999000039],[48.46750000000003,28.497199999000031],[48.466300000000047,28.495400000000075],[48.465600000000052,28.494400000000041],[48.465500000000077,28.494300000000067],[48.465600000000052,28.494200001000024]]]},"properties":{"OBJECTID":50,"OBJECTID_1":58,"PKDISTRICTID":"","DATASOURCE":"","CREATIONUSER":"","DATECREATED":"","DATEMODIFIED":"","LASTUSER":"","ArabicName":"الخليج العربي الغربي","EnglishName":"Western Arabian Gulf","FKREGIONID":"","FKGOVERNORATEID":"","FKAMANAID":"","DISTRICTNO":"","FKDISTRICTID":"","MunicipalityName":"al khafji","Shape_Length":0.033722050625597605,"Shape_Area":6.8484998250094704e-05}},{"type":"Feature","id":51,"geometry":{"type":"Polygon","coordinates":[[[48.48500000000007,28.496800000000064],[48.48720000000003,28.495800000000031],[48.489000000000033,28.494800000000055],[48.490500000000054,28.493600000000072],[48.49150000000003,28.492699999000024],[48.492500000000064,28.491599999000073],[48.493300000000033,28.490499999000065],[48.49410000000006,28.489300000000071],[48.49470000000008,28.48780000000005],[48.494800000000055,28.487299999000072],[48.49490000000003,28.486600000000067],[48.49490000000003,28.485700000000065],[48.49490000000003,28.483700000000056],[48.494800000000055,28.481600000000071],[48.494800000000055,28.481100000000026],[48.495000000000061,28.480799999000055],[48.495000000000061,28.480500000000063],[48.49490000000003,28.480400000000031],[48.49490000000003,28.479400000000055],[48.49490000000003,28.477499999000031],[48.49490000000003,28.476399999000023],[48.49550000000005,28.473900000000071],[48.495900000000063,28.472700000000032],[48.496800000000064,28.47100000100005],[48.498100000000079,28.467900001000032],[48.498300000000029,28.466800001000024],[48.49980000000005,28.46749999900004],[48.500000000000057,28.467599999000072],[48.500300000000038,28.467599999000072],[48.500700000000052,28.467700001000026],[48.500500000000045,28.468100000000049],[48.49980000000005,28.469300000000032],[48.498700000000042,28.47100000100005],[48.498200000000054,28.471999999000047],[48.497300000000052,28.473600000000033],[48.496700000000033,28.475099999000065],[48.496400000000051,28.476100000000031],[48.496100000000069,28.477399999000056],[48.496000000000038,28.478599999000039],[48.496300000000076,28.480000000000075],[48.496400000000051,28.480699999000024],[48.496900000000039,28.480799999000055],[48.497000000000071,28.481899999000063],[48.497100000000046,28.483300000000042],[48.497300000000052,28.484700000000032],[48.497300000000052,28.484900000000039],[48.497400000000027,28.485900000000072],[48.497800000000041,28.48719999900004],[48.498200000000054,28.488399999000023],[48.498600000000067,28.489499999000031],[48.498900000000049,28.490000000000066],[48.49920000000003,28.49059999900004],[48.499600000000044,28.491400000000056],[48.500000000000057,28.49210000000005],[48.500700000000052,28.493300000000033],[48.500700000000052,28.493300000000033],[48.500800000000027,28.493600000000072],[48.500800000000027,28.494000001000074],[48.500800000000027,28.494300000000067],[48.500700000000052,28.494400000000041],[48.500700000000052,28.494400000000041],[48.500300000000038,28.494600000000048],[48.498600000000067,28.49489999900004],[48.496200000000044,28.495200001000057],[48.49410000000006,28.495400000000075],[48.489600000000053,28.496300001000066],[48.488300000000038,28.496800000000064],[48.486200000000053,28.497500001000049],[48.485100000000045,28.497900000000072],[48.483600000000081,28.49840000100005],[48.481100000000026,28.499500001000058],[48.477300000000071,28.500800001000073],[48.474800000000073,28.501900000000035],[48.474300000000028,28.500200000000063],[48.48500000000007,28.496800000000064]]]},"properties":{"OBJECTID":51,"OBJECTID_1":63,"PKDISTRICTID":"","DATASOURCE":"","CREATIONUSER":"","DATECREATED":"","DATEMODIFIED":"","LASTUSER":"","ArabicName":" الكورنيش","EnglishName":" kornash","FKREGIONID":"","FKGOVERNORATEID":"","FKAMANAID":"","DISTRICTNO":"","FKDISTRICTID":"","MunicipalityName":"al khafji","Shape_Length":0.10721108139761555,"Shape_Area":0.00011799501660018928}},{"type":"Feature","id":52,"geometry":{"type":"Polygon","coordinates":[[[48.448800000000062,28.517899999000065],[48.446000000000026,28.508500000000026],[48.446500000000071,28.508300001000066],[48.446900000000028,28.508300001000066],[48.447300000000041,28.508199999000055],[48.447900000000061,28.507999999000049],[48.448400000000049,28.507800000000032],[48.448900000000037,28.507600000000025],[48.449200000000076,28.507400000000075],[48.449500000000057,28.507200001000058],[48.449900000000071,28.506999999000072],[48.450200000000052,28.506899999000041],[48.450600000000065,28.506700000000023],[48.45130000000006,28.506400000000042],[48.45190000000008,28.506200001000025],[48.452800000000082,28.505999999000039],[48.453700000000026,28.505899999000064],[48.456200000000081,28.505799999000033],[48.458800000000053,28.505600000000072],[48.460100000000068,28.50550000000004],[48.460900000000038,28.505400000000066],[48.461800000000039,28.505300000000034],[48.462600000000066,28.505100001000073],[48.463700000000074,28.504699999000024],[48.464500000000044,28.504400000000032],[48.465400000000045,28.503900001000034],[48.466900000000066,28.503000000000043],[48.46750000000003,28.502699999000072],[48.468100000000049,28.502300000000048],[48.469200000000058,28.501900000000035],[48.469600000000071,28.501700001000074],[48.469600000000071,28.501700001000074],[48.474200000000053,28.500299999000049],[48.474200000000053,28.500299999000049],[48.474700000000041,28.501800001000049],[48.448800000000062,28.517899999000065]]]},"properties":{"OBJECTID":52,"OBJECTID_1":64,"PKDISTRICTID":"","DATASOURCE":"","CREATIONUSER":"","DATECREATED":"","DATEMODIFIED":"","LASTUSER":"","ArabicName":"تحلية المياه","EnglishName":"Water desalination","FKREGIONID":"","FKGOVERNORATEID":"","FKAMANAID":"","DISTRICTNO":"","FKDISTRICTID":"","MunicipalityName":"al khafji","Shape_Length":0.071670699582263381,"Shape_Area":0.00015800000275020647}},{"type":"Feature","id":53,"geometry":{"type":"Polygon","coordinates":[[[48.45960000000008,28.511100000000056],[48.459400000000073,28.511499999000023],[48.459100000000035,28.511900000000026],[48.459100000000035,28.512000000000057],[48.45900000000006,28.512000000000057],[48.458900000000028,28.512100000000032],[48.458800000000053,28.512100000000032],[48.458700000000078,28.512200000000064],[48.458700000000078,28.512300000000039],[48.458600000000047,28.512399999000024],[48.458500000000072,28.512499999000056],[48.458300000000065,28.512499999000056],[48.458200000000033,28.512599999000031],[48.458000000000027,28.512599999000031],[48.457900000000052,28.512700001000042],[48.457800000000077,28.512800001000073],[48.457800000000077,28.512900000000059],[48.457500000000039,28.513100000000065],[48.457500000000039,28.51320000000004],[48.457400000000064,28.513300000000072],[48.457400000000064,28.513400000000047],[48.457300000000032,28.513499999000032],[48.457200000000057,28.513499999000032],[48.457200000000057,28.513599999000064],[48.455800000000067,28.514400000000023],[48.455600000000061,28.51459999900004],[48.455600000000061,28.51459999900004],[48.455500000000029,28.514799999000047],[48.455400000000054,28.514799999000047],[48.455000000000041,28.51520000000005],[48.454800000000034,28.515400000000056],[48.454700000000059,28.515400000000056],[48.454600000000028,28.515500000000031],[48.454600000000028,28.515500000000031],[48.454400000000078,28.515600000000063],[48.454300000000046,28.515699999000049],[48.454200000000071,28.515699999000049],[48.454100000000039,28.515799999000023],[48.454100000000039,28.515799999000023],[48.454000000000065,28.515900001000034],[48.454000000000065,28.516000001000066],[48.453900000000033,28.516100001000041],[48.453700000000026,28.516200000000026],[48.453700000000026,28.516200000000026],[48.453600000000051,28.516300000000058],[48.453500000000076,28.516400000000033],[48.453400000000045,28.516400000000033],[48.453400000000045,28.516400000000033],[48.45330000000007,28.516500000000065],[48.453200000000038,28.516600000000039],[48.453200000000038,28.516799999000057],[48.451800000000048,28.518900000000031],[48.451000000000079,28.519900000000064],[48.450200000000052,28.521000000000072],[48.449300000000051,28.522100000000023],[48.447900000000061,28.523499999000023],[48.44700000000006,28.524400000000071],[48.446700000000078,28.524800001000074],[48.446500000000071,28.525300000000072],[48.446500000000071,28.525300000000072],[48.44640000000004,28.525500000000079],[48.446300000000065,28.525900001000025],[48.445800000000077,28.526500000000055],[48.445100000000082,28.526900001000058],[48.444600000000037,28.52720000000005],[48.44420000000008,28.527300000000025],[48.443800000000067,28.527500000000032],[48.443500000000029,28.527600000000064],[48.442700000000059,28.528100001000041],[48.442300000000046,28.528200001000073],[48.442000000000064,28.528400000000033],[48.441800000000057,28.528500000000065],[48.441700000000026,28.52860000000004],[48.441500000000076,28.52860000000004],[48.441300000000069,28.528800000000047],[48.441100000000063,28.528800000000047],[48.441000000000031,28.528899999000032],[48.440900000000056,28.529100001000074],[48.440700000000049,28.529200001000049],[48.440700000000049,28.529200001000049],[48.440400000000068,28.529400000000066],[48.440200000000061,28.529400000000066],[48.440100000000029,28.529500000000041],[48.43990000000008,28.529500000000041],[48.439800000000048,28.529600000000073],[48.439600000000041,28.529700000000048],[48.439500000000066,28.529800000000023],[48.439400000000035,28.529800000000023],[48.43930000000006,28.529800000000023],[48.439200000000028,28.529899999000065],[48.439000000000078,28.52999999900004],[48.438900000000046,28.530099999000072],[48.43870000000004,28.530200001000026],[48.43870000000004,28.530200001000026],[48.438600000000065,28.530300001000057],[48.438400000000058,28.530300001000057],[48.438400000000058,28.530300001000057],[48.434000000000026,28.519200001000058],[48.433900000000051,28.518500000000074],[48.433900000000051,28.51799999900004],[48.433900000000051,28.51799999900004],[48.433800000000076,28.517200001000049],[48.433800000000076,28.517200001000049],[48.433800000000076,28.516799999000057],[48.433800000000076,28.516700000000071],[48.433900000000051,28.516200000000026],[48.434100000000058,28.515799999000023],[48.434300000000064,28.515400000000056],[48.434700000000078,28.514799999000047],[48.435500000000047,28.513599999000064],[48.436300000000074,28.512399999000024],[48.436600000000055,28.512000000000057],[48.436800000000062,28.511800000000051],[48.437000000000069,28.511499999000023],[48.437400000000025,28.511299999000073],[48.437700000000063,28.511000000000024],[48.437800000000038,28.510900000000049],[48.43790000000007,28.510900000000049],[48.43790000000007,28.510900000000049],[48.438200000000052,28.510800000000074],[48.438200000000052,28.510800000000074],[48.438200000000052,28.510800000000074],[48.438500000000033,28.510700000000043],[48.445800000000077,28.508400001000041],[48.445800000000077,28.508500000000026],[48.445900000000051,28.508500000000026],[48.445900000000051,28.508500000000026],[48.448800000000062,28.517800000000079],[48.45960000000008,28.511100000000056],[48.45960000000008,28.511100000000056]]]},"properties":{"OBJECTID":53,"OBJECTID_1":65,"PKDISTRICTID":"","DATASOURCE":"","CREATIONUSER":"","DATECREATED":"","DATEMODIFIED":"","LASTUSER":"","ArabicName":"حكومي","EnglishName":"governmental","FKREGIONID":"","FKGOVERNORATEID":"","FKAMANAID":"","DISTRICTNO":"","FKDISTRICTID":"","MunicipalityName":"al khafji","Shape_Length":0.082816916056458495,"Shape_Area":0.00024745000189988164}},{"type":"Feature","id":54,"geometry":{"type":"Polygon","coordinates":[[[48.442600000000027,28.496300001000066],[48.445900000000051,28.500900000000058],[48.440600000000074,28.503699999000048],[48.437400000000025,28.499100000000055],[48.442600000000027,28.496300001000066]]]},"properties":{"OBJECTID":54,"OBJECTID_1":66,"PKDISTRICTID":"","DATASOURCE":"","CREATIONUSER":"","DATECREATED":"","DATEMODIFIED":"","LASTUSER":"","ArabicName":"تلفزيون الخفجي","EnglishName":"Khafji TV","FKREGIONID":"","FKGOVERNORATEID":"","FKAMANAID":"","DISTRICTNO":"","FKDISTRICTID":"","MunicipalityName":"al khafji","Shape_Length":0.023164932710025999,"Shape_Area":3.3249991499983935e-05}},{"type":"Feature","id":55,"geometry":{"type":"Polygon","coordinates":[[[48.490700000000061,28.412300000000073],[48.490300000000047,28.412300000000073],[48.489600000000053,28.412400000000048],[48.488800000000026,28.412500000000023],[48.486600000000067,28.412799999000072],[48.486000000000047,28.412799999000072],[48.48580000000004,28.412900001000025],[48.485500000000059,28.412900001000025],[48.485400000000027,28.412799999000072],[48.485200000000077,28.41269999900004],[48.485100000000045,28.412599999000065],[48.483400000000074,28.410499999000024],[48.482000000000028,28.408700000000067],[48.480600000000038,28.406900000000064],[48.478000000000065,28.403500000000065],[48.47810000000004,28.403400000000033],[48.482300000000066,28.403100001000041],[48.486000000000047,28.403300000000058],[48.489300000000071,28.403500000000065],[48.489500000000078,28.403500000000065],[48.489900000000034,28.403500000000065],[48.490300000000047,28.403500000000065],[48.491700000000037,28.40360000000004],[48.491800000000069,28.403700000000072],[48.491800000000069,28.403999999000064],[48.491800000000069,28.404300001000024],[48.491800000000069,28.404600000000073],[48.491700000000037,28.404899999000065],[48.491700000000037,28.405200001000026],[48.491700000000037,28.405400001000032],[48.491600000000062,28.407000000000039],[48.491600000000062,28.407099999000025],[48.49150000000003,28.408700000000067],[48.491400000000056,28.409100000000024],[48.491400000000056,28.409399999000073],[48.491400000000056,28.409700001000033],[48.491400000000056,28.40990000000005],[48.491400000000056,28.410200000000032],[48.491300000000081,28.411200000000065],[48.491200000000049,28.412200000000041],[48.491200000000049,28.412300000000073],[48.490900000000067,28.412300000000073],[48.490700000000061,28.412300000000073]]]},"properties":{"OBJECTID":55,"OBJECTID_1":67,"PKDISTRICTID":"","DATASOURCE":"","CREATIONUSER":"","DATECREATED":"","DATEMODIFIED":"","LASTUSER":"","ArabicName":"النهضة","EnglishName":" NAHDA ","FKREGIONID":"","FKGOVERNORATEID":"","FKAMANAID":"","DISTRICTNO":"","FKDISTRICTID":"","MunicipalityName":"al khafji","Shape_Length":0.040359814461184279,"Shape_Area":9.3364991900099894e-05}},{"type":"Feature","id":56,"geometry":{"type":"Polygon","coordinates":[[[48.515900000000045,28.411400000000071],[48.516100000000051,28.411499999000057],[48.512800000000027,28.415800000000047],[48.511000000000081,28.413200000000074],[48.511000000000081,28.412300000000073],[48.510500000000036,28.410399999000049],[48.508500000000026,28.402899999000056],[48.508400000000051,28.402000001000033],[48.508400000000051,28.401100000000042],[48.508300000000077,28.400599999000065],[48.508300000000077,28.400200000000041],[48.508300000000077,28.399599999000031],[48.508200000000045,28.399499999000057],[48.508200000000045,28.399400000000071],[48.508200000000045,28.399100000000033],[48.508200000000045,28.399000000000058],[48.508200000000045,28.397600001000058],[48.508400000000051,28.397600001000058],[48.508500000000026,28.398000000000025],[48.508600000000058,28.398399999000048],[48.508500000000026,28.398499999000023],[48.508800000000065,28.399499999000057],[48.508800000000065,28.400200000000041],[48.509100000000046,28.401200000000074],[48.509900000000073,28.403400000000033],[48.511000000000081,28.403999999000064],[48.511300000000062,28.403999999000064],[48.511400000000037,28.404100001000074],[48.511500000000069,28.404300001000024],[48.511800000000051,28.404899999000065],[48.511800000000051,28.405800000000056],[48.511600000000044,28.405600000000049],[48.511300000000062,28.405400001000032],[48.510900000000049,28.40499999900004],[48.510900000000049,28.405099999000072],[48.511300000000062,28.406900000000064],[48.511900000000026,28.406900000000064],[48.512100000000032,28.407199999000056],[48.512000000000057,28.408399999000039],[48.511500000000069,28.409600001000058],[48.511700000000076,28.409600001000058],[48.512700000000052,28.409399999000073],[48.513600000000054,28.40990000000005],[48.514000000000067,28.410200000000032],[48.514300000000048,28.411100000000033],[48.51440000000008,28.411100000000033],[48.514500000000055,28.411100000000033],[48.514900000000068,28.411000000000058],[48.515000000000043,28.411000000000058],[48.515900000000045,28.411400000000071]]]},"properties":{"OBJECTID":56,"OBJECTID_1":68,"PKDISTRICTID":"","DATASOURCE":"","CREATIONUSER":"","DATECREATED":"","DATEMODIFIED":"","LASTUSER":"","ArabicName":"بدون اسم","EnglishName":"Without name","FKREGIONID":"","FKGOVERNORATEID":"","FKAMANAID":"","DISTRICTNO":"","FKDISTRICTID":"","MunicipalityName":"al khafji","Shape_Length":0.046586698251512286,"Shape_Area":3.6674997400060826e-05}},{"type":"Feature","id":57,"geometry":{"type":"Polygon","coordinates":[[[48.490700000000061,28.412300000000073],[48.490300000000047,28.412300000000073],[48.489600000000053,28.412400000000048],[48.488800000000026,28.412500000000023],[48.486600000000067,28.412799999000072],[48.486000000000047,28.412799999000072],[48.48580000000004,28.412900001000025],[48.485500000000059,28.412900001000025],[48.485400000000027,28.412799999000072],[48.485200000000077,28.41269999900004],[48.485100000000045,28.412599999000065],[48.483400000000074,28.410499999000024],[48.482000000000028,28.408700000000067],[48.480600000000038,28.406900000000064],[48.478000000000065,28.403500000000065],[48.47810000000004,28.403400000000033],[48.482300000000066,28.403100001000041],[48.486000000000047,28.403300000000058],[48.489300000000071,28.403500000000065],[48.489500000000078,28.403500000000065],[48.489900000000034,28.403500000000065],[48.490300000000047,28.403500000000065],[48.491700000000037,28.40360000000004],[48.491800000000069,28.403700000000072],[48.491800000000069,28.403999999000064],[48.491800000000069,28.404300001000024],[48.491800000000069,28.404600000000073],[48.491700000000037,28.404899999000065],[48.491700000000037,28.405200001000026],[48.491700000000037,28.405400001000032],[48.491600000000062,28.407000000000039],[48.491600000000062,28.407099999000025],[48.49150000000003,28.408700000000067],[48.491400000000056,28.409100000000024],[48.491400000000056,28.409399999000073],[48.491400000000056,28.409700001000033],[48.491400000000056,28.40990000000005],[48.491400000000056,28.410200000000032],[48.491300000000081,28.411200000000065],[48.491200000000049,28.412200000000041],[48.491200000000049,28.412300000000073],[48.490900000000067,28.412300000000073],[48.490700000000061,28.412300000000073]]]},"properties":{"OBJECTID":57,"OBJECTID_1":69,"PKDISTRICTID":"","DATASOURCE":"","CREATIONUSER":"","DATECREATED":"","DATEMODIFIED":"","LASTUSER":"","ArabicName":"النهضة","EnglishName":" NAHDA ","FKREGIONID":"","FKGOVERNORATEID":"","FKAMANAID":"","DISTRICTNO":"","FKDISTRICTID":"","MunicipalityName":"al khafji","Shape_Length":0.040359814461184279,"Shape_Area":9.3364991900099894e-05}},{"type":"Feature","id":58,"geometry":{"type":"Polygon","coordinates":[[[48.515900000000045,28.411400000000071],[48.516100000000051,28.411499999000057],[48.512800000000027,28.415800000000047],[48.511000000000081,28.413200000000074],[48.511000000000081,28.412300000000073],[48.510500000000036,28.410399999000049],[48.508500000000026,28.402899999000056],[48.508400000000051,28.402000001000033],[48.508400000000051,28.401100000000042],[48.508300000000077,28.400599999000065],[48.508300000000077,28.400200000000041],[48.508300000000077,28.399599999000031],[48.508200000000045,28.399499999000057],[48.508200000000045,28.399400000000071],[48.508200000000045,28.399100000000033],[48.508200000000045,28.399000000000058],[48.508200000000045,28.397600001000058],[48.508400000000051,28.397600001000058],[48.508500000000026,28.398000000000025],[48.508600000000058,28.398399999000048],[48.508500000000026,28.398499999000023],[48.508800000000065,28.399499999000057],[48.508800000000065,28.400200000000041],[48.509100000000046,28.401200000000074],[48.509900000000073,28.403400000000033],[48.511000000000081,28.403999999000064],[48.511300000000062,28.403999999000064],[48.511400000000037,28.404100001000074],[48.511500000000069,28.404300001000024],[48.511800000000051,28.404899999000065],[48.511800000000051,28.405800000000056],[48.511600000000044,28.405600000000049],[48.511300000000062,28.405400001000032],[48.510900000000049,28.40499999900004],[48.510900000000049,28.405099999000072],[48.511300000000062,28.406900000000064],[48.511900000000026,28.406900000000064],[48.512100000000032,28.407199999000056],[48.512000000000057,28.408399999000039],[48.511500000000069,28.409600001000058],[48.511700000000076,28.409600001000058],[48.512700000000052,28.409399999000073],[48.513600000000054,28.40990000000005],[48.514000000000067,28.410200000000032],[48.514300000000048,28.411100000000033],[48.51440000000008,28.411100000000033],[48.514500000000055,28.411100000000033],[48.514900000000068,28.411000000000058],[48.515000000000043,28.411000000000058],[48.515900000000045,28.411400000000071]]]},"properties":{"OBJECTID":58,"OBJECTID_1":70,"PKDISTRICTID":"","DATASOURCE":"","CREATIONUSER":"","DATECREATED":"","DATEMODIFIED":"","LASTUSER":"","ArabicName":"بدون اسم","EnglishName":"Without name","FKREGIONID":"","FKGOVERNORATEID":"","FKAMANAID":"","DISTRICTNO":"","FKDISTRICTID":"","MunicipalityName":"al khafji","Shape_Length":0.046586698251512286,"Shape_Area":3.6674997400060826e-05}},{"type":"Feature","id":59,"geometry":{"type":"Polygon","coordinates":[[[48.470100000000059,28.413100000000043],[48.469500000000039,28.412599999000065],[48.467700000000036,28.411000000000058],[48.467200000000048,28.410599999000056],[48.464600000000075,28.408399999000039],[48.46470000000005,28.407600001000048],[48.465800000000058,28.406600000000026],[48.46670000000006,28.405700000000024],[48.467200000000048,28.405200001000026],[48.470800000000054,28.403899999000032],[48.472700000000032,28.403700000000072],[48.475700000000074,28.403500000000065],[48.476800000000026,28.403400000000033],[48.477800000000059,28.403700000000072],[48.481000000000051,28.407800000000066],[48.48500000000007,28.412799999000072],[48.484900000000039,28.413300000000049],[48.484200000000044,28.413699999000073],[48.483400000000074,28.415100001000042],[48.483400000000074,28.415300000000059],[48.482900000000029,28.41560000000004],[48.482500000000073,28.41560000000004],[48.481300000000033,28.415700000000072],[48.479900000000043,28.415899999000032],[48.47930000000008,28.415999999000064],[48.47870000000006,28.41620000100005],[48.478200000000072,28.416300001000025],[48.475600000000043,28.417199999000047],[48.474700000000041,28.417099999000072],[48.470100000000059,28.413100000000043]]]},"properties":{"OBJECTID":59,"OBJECTID_1":71,"PKDISTRICTID":"","DATASOURCE":"","CREATIONUSER":"","DATECREATED":"","DATEMODIFIED":"","LASTUSER":"","ArabicName":"الملك فهد","EnglishName":" MALIK FAHAD","FKREGIONID":"","FKGOVERNORATEID":"","FKAMANAID":"","DISTRICTNO":"","FKDISTRICTID":"","MunicipalityName":"al khafji","Shape_Length":0.052239088164457166,"Shape_Area":0.00017377499370005065}}]
}